OID_,Join_Count,TARGET_FID,Station_Id,Station_Name,Fuel_Type,Address,City,State,Zipcode,Zipcode_Route,Directions,Country,Phone_Number,Current_Status,Availability_Date,Accessability,Access_Details,Access_Hours,Payment_Methods,Ownership_Type,Federal_Owner,Biodiesel_Blends,E85_Blender_Pump,E85_Ethanol_Blends,CNG_Dispensers,CNG_Fill_Type,CNG_Pressures,CNG_Renewable_Source,CNG_Compression,CNG_Storage,CNG_Vehicle_Size,LNG_Renewable_Source,LNG_Vehicle_Size,LPG_Nozzle_Types,LPG_Primary_Station,RD_Blends,RD_Blended_With_Biodiesel,RD_Max_Biodiesel,EV_Level1_EVSE_Ports,EV_Level2_EVSE_Ports,EV_DC_Fast_Ports,EV_Other_EVSE_Ports,EV_Connector_Types,EV_Network,EV_Network_Id,EV_Network_Link,EV_Pricing,EV_Renewable_Source,HY_Is_Retail,HY_Pressures,HY_Standards,HY_Status_Link,Geocode_Status,Latitude,Longitude,Open_Date,Date_Last_Confirmed,Date_Last_Update,facility_type,Directions_French,Access_Hours_French,Biodiesel_Blends_French,RD_Blends_French,EV_Pricing_French,Restricted_Access,geoName,customGeo,centrLat,centrLon,sqmi,destin,dest_sqmi
3421,1,3421,40593,Victor Building Parking Garage,ELEC,750 9th St NW,Washington,DC,20001,,Located on the first level,US,,E,,Private,,24 hours daily; for tenant use only. Drivers must bring their own J1772 cordset for Level 1 charging,,P,,,,,,,,,,,,,,,,,,,1,1,,,"J1772, NEMA 5-15",Non-Networked,,,,,,,,,200-9,38.899391999999999,-77.024384999999995,5/31/2011 0:00:00,1/10/2023 0:00:00,8/11/2023 19:46:24,PAY_GARAGE,,,,,,,Metro Center / 15th Street,Metro Center / 15th Street,38.897799999999997,-77.028099999999995,0.198000000000000,36833,185980.587599999998929
3812,1,3812,43836,One Parking,ELEC,555 12th St NW,Washington,DC,20004,,Level P3,US,202-393-0649,E,,Public,,Restricted to garage hours; pay lot; leave key,,P,,,,,,,,,,,,,,,,,,,,13,,,J1772,Non-Networked,,,Free,,,,,,200-9,38.896703000000002,-77.027620999999996,3/1/2012 0:00:00,8/10/2023 0:00:00,8/10/2023 16:58:49,PAY_GARAGE,,,,,,False,Metro Center / 15th Street,Metro Center / 15th Street,38.897799999999997,-77.028099999999995,0.198000000000000,36833,185980.587599999998929
5104,1,5104,48074,Florida Power & Light - Washington DC Office,ELEC,801 Pennsylvania Ave NW,Washington,DC,20004,,Suite 220,US,,E,,Private,,,,T,,,,,,,,,,,,,,,,,,,,1,,,J1772,Non-Networked,,,,,,,,,200-9,38.894354000000000,-77.023723000000004,1/1/2012 0:00:00,4/8/2021 0:00:00,2/15/2023 22:45:41,UTILITY,,,,,,,Gallery Place / Chinatown,Gallery Place / Chinatown,38.899200000000000,-77.021799999999999,0.205600000000000,40394,196512.243900000001304
6857,1,6857,56564,LENKIN CO 1300 B,ELEC,1300 19th St NW,Washington,DC,20036,,,US,888-758-4389,E,,Public,,24 hours daily,,,,,,,,,,,,,,,,,,,,,,2,,,J1772,ChargePoint Network,USCPIL735951,http://www.chargepoint.com/,,,,,,,GPS,38.907454000000001,-77.043970999999999,1/31/2012 0:00:00,8/16/2023 0:00:00,8/16/2023 0:12:20,,,,,,,,Dupont Circle,Dupont Circle,38.908700000000003,-77.044600000000003,0.192300000000000,28687,149193.469699999986915
8181,1,8181,64548,TOWER COMPANIES 1828 L STREET,ELEC,1828 L St NW,Washington,DC,20036,,,US,888-758-4389,E,,Public,,24 hours daily,,,,,,,,,,,,,,,,,,,,,,2,,,J1772,ChargePoint Network,USCPIL748021,http://www.chargepoint.com/,,,,,,,GPS,38.903466000000002,-77.042897999999994,12/9/2014 0:00:00,8/16/2023 0:00:00,8/16/2023 0:12:39,,,,,,,,Farragut Square / 19th Street,Farragut Square / 19th Street,38.902900000000002,-77.041799999999995,0.268500000000000,33429,124508.526199999992969
8182,1,8182,64549,TOWER COMPANIES 1707 L STREET 1,ELEC,1707 L St NW,Washington,DC,20036,,,US,888-758-4389,E,,Public,,24 hours daily,,,,,,,,,,,,,,,,,,,,,,2,,,J1772,ChargePoint Network,USCPIL333101,http://www.chargepoint.com/,,,,,,,GPS,38.903979000000000,-77.039103999999995,12/9/2014 0:00:00,8/16/2023 0:00:00,8/16/2023 0:08:44,,,,,,,,Farragut Square / 19th Street,Farragut Square / 19th Street,38.902900000000002,-77.041799999999995,0.268500000000000,33429,124508.526199999992969
9194,1,9194,68205,1212 NEW YORK STATION 1,ELEC,1212 New York Ave NW,Washington,DC,20005,,,US,888-758-4389,E,,Public,,24 hours daily,,,,,,,,,,,,,,,,,,,,,,2,,,J1772,ChargePoint Network,USCPIL120745,http://www.chargepoint.com/,,,,,,,GPS,38.900027999999999,-77.028756999999999,7/10/2015 0:00:00,8/16/2023 0:00:00,8/16/2023 0:00:48,,,,,,,,Metro Center / 15th Street,Metro Center / 15th Street,38.897799999999997,-77.028099999999995,0.198000000000000,36833,185980.587599999998929
10680,1,10680,76344,JBG SMITH 1717K,ELEC,1717 K St NW,Washington,DC,20006,,,US,888-758-4389,E,,Public,,24 hours daily,,,,,,,,,,,,,,,,,,,,,,2,,,J1772,ChargePoint Network,USCPIL120533,http://www.chargepoint.com/,,,,,,,GPS,38.902774000000001,-77.040063000000004,6/17/2016 0:00:00,8/16/2023 0:00:00,8/16/2023 0:00:46,,,,,,,,Farragut Square / 19th Street,Farragut Square / 19th Street,38.902900000000002,-77.041799999999995,0.268500000000000,33429,124508.526199999992969
10681,1,10681,76345,JBG SMITH 1666K,ELEC,1666 K St NW,Washington,DC,20006,,,US,888-758-4389,E,,Public,,24 hours daily,,,,,,,,,,,,,,,,,,,,,,2,,,J1772,ChargePoint Network,USCPIL120445,http://www.chargepoint.com/,,,,,,,GPS,38.902161999999997,-77.038098000000005,6/17/2016 0:00:00,8/16/2023 0:00:00,8/16/2023 0:00:45,,,,,,,,Farragut Square / 19th Street,Farragut Square / 19th Street,38.902900000000002,-77.041799999999995,0.268500000000000,33429,124508.526199999992969
10682,1,10682,76346,JBG SMITH 1700K,ELEC,1700 K St NW,Washington,DC,20006,,,US,888-758-4389,E,,Public,,24 hours daily,,,,,,,,,,,,,,,,,,,,,,2,,,J1772,ChargePoint Network,USCPIL120393,http://www.chargepoint.com/,,,,,,,GPS,38.902275000000003,-77.039946000000000,6/17/2016 0:00:00,8/16/2023 0:00:00,8/16/2023 0:00:41,,,,,,,,Farragut Square / 19th Street,Farragut Square / 19th Street,38.902900000000002,-77.041799999999995,0.268500000000000,33429,124508.526199999992969
15008,1,15008,94632,1255 22ND ST STATION 2,ELEC,1255 22nd St NW,Washington,DC,20037,,,US,888-758-4389,E,,Public,,24 hours daily,,,,,,,,,,,,,,,,,,,,,,1,,,J1772,ChargePoint Network,USCPIL353241,http://www.chargepoint.com/,,,,,,,GPS,38.906672000000000,-77.048362999999995,4/6/2018 0:00:00,8/16/2023 0:00:00,8/16/2023 0:08:52,,,,,,,,Dupont Circle,Dupont Circle,38.908700000000003,-77.044600000000003,0.192300000000000,28687,149193.469699999986915
15069,1,15069,94808,World Bank,ELEC,1225 Connecticut Ave NW,Washington,DC,20036,,,US,,E,,Private,,Employee use only,,P,,,,,,,,,,,,,,,,,,,,2,,,J1772,EV Connect,,http://evconnect.com/,,,,,,,200-9,38.907015999999999,-77.041110000000003,9/9/2015 0:00:00,4/8/2020 0:00:00,3/11/2021 23:22:17,OFFICE_BLDG,,,,,,,Dupont Circle,Dupont Circle,38.908700000000003,-77.044600000000003,0.192300000000000,28687,149193.469699999986915
15070,1,15070,94809,World Bank,ELEC,1818 H S NW,Washington,DC,20433,,,US,,E,,Private,,Employee use only,,P,,,,,,,,,,,,,,,,,,,,4,,,J1772,EV Connect,,http://evconnect.com/,,,,,,,200-9,38.898454999999998,-77.042721000000000,9/11/2015 0:00:00,4/8/2020 0:00:00,3/11/2021 23:22:17,OFFICE_BLDG,,,,,,,Foggy Bottom,Foggy Bottom,38.897300000000001,-77.044600000000003,0.257500000000000,40736,158171.452599999989616
15071,1,15071,94811,World Bank,ELEC,2121 Pennsylvania Ave NW,Washington,DC,20433,,,US,,E,,Private,,Employee use only,,P,,,,,,,,,,,,,,,,,,,,4,,,J1772,EV Connect,,http://evconnect.com/,,,,,,,200-9,38.901985000000003,-77.047702999999998,7/16/2015 0:00:00,4/8/2020 0:00:00,3/11/2021 23:22:17,OFFICE_BLDG,,,,,,,Farragut Square / 19th Street,Farragut Square / 19th Street,38.902900000000002,-77.041799999999995,0.268500000000000,33429,124508.526199999992969
15524,1,15524,98677,Office of Personnel Management,ELEC,1900 E St NW,Washington,DC,20415,,,US,,E,,Private,,Fleet use only,,FG,GSA,,,,,,,,,,,,,,,,,,,1,,,J1772,Non-Networked,,,,,,,,,GPS,38.895350999999998,-77.044604000000007,4/1/2018 0:00:00,2/22/2021 0:00:00,3/11/2021 23:22:17,FED_GOV,,,,,,,Foggy Bottom,Foggy Bottom,38.897300000000001,-77.044600000000003,0.257500000000000,40736,158171.452599999989616
15532,1,15532,98694,U.S. Department of Commerce,ELEC,1401 Constitution Ave NW,Washington,DC,20230,,,US,,E,,Private,,Fleet use only,,FG,DOC,,,,,,,,,,,,,,,,,,,1,,,J1772,Non-Networked,,,,,,,,,GPS,38.893700000000003,-77.032899999999998,4/1/2018 0:00:00,2/22/2021 0:00:00,3/11/2021 23:22:17,FED_GOV,,,,,,,Federal Triangle,Federal Triangle,38.893400000000000,-77.028099999999995,0.125200000000000,8307,66352.458599999998114
15781,1,15781,99693,World Bank,ELEC,1850 I St NW,Washington,DC,20006,,,US,,E,,Private,,Employee use only,,P,,,,,,,,,,,,,,,,,,,,2,,,J1772,EV Connect,,http://evconnect.com/,,,,,,,200-9,38.901029000000001,-77.042788999999999,6/12/2015 0:00:00,4/8/2020 0:00:00,3/11/2021 23:22:17,OFFICE_BLDG,,,,,,,Farragut Square / 19th Street,Farragut Square / 19th Street,38.902900000000002,-77.041799999999995,0.268500000000000,33429,124508.526199999992969
16483,1,16483,102534,TOWER COMPANIES 1909K STATION 2,ELEC,1909 K St NWUS-29,Washington,DC,20006,,,US,888-758-4389,E,,Public,,24 hours daily,,,,,,,,,,,,,,,,,,,,,,2,,,J1772,ChargePoint Network,USCPIL620481,http://www.chargepoint.com/,,,,,,,GPS,38.903042999999997,-77.044211000000004,8/31/2018 0:00:00,8/16/2023 0:00:00,8/16/2023 0:11:11,,,,,,,,Farragut Square / 19th Street,Farragut Square / 19th Street,38.902900000000002,-77.041799999999995,0.268500000000000,33429,124508.526199999992969
16841,1,16841,104284,CARR PROPERTIES P2 6540,ELEC,1100 15th St NW,Washington,DC,20005,,,US,888-758-4389,E,,Public,,24 hours daily,,,,,,,,,,,,,,,,,,,,,,2,,,J1772,ChargePoint Network,USCPIL183941,http://www.chargepoint.com/,,,,,,,GPS,38.903984999999999,-77.034960999999996,10/20/2018 0:00:00,8/16/2023 0:00:00,8/16/2023 0:05:32,,,,,,,,McPherson Square / Franklin Park,McPherson Square / Franklin Park,38.902600000000000,-77.031999999999996,0.232700000000000,31485,135322.455699999991339
18026,1,18026,113650,"The Donovan, a Kimpton Hotel - Tesla Destination",ELEC,1155 14th St NW,Washington,DC,20005,,,US,"202-737-1200, 877-798-3752",E,,Public,,,,P,,,,,,,,,,,,,,,,,,,,3,,,"J1772, Tesla",Tesla Destination,500594,https://www.tesla.com/destination-charging,Free,,,,,,200-9,38.904958000000001,-77.031772000000004,11/19/2015 0:00:00,10/6/2022 0:00:00,1/18/2023 15:15:20,HOTEL,,,,,,,McPherson Square / Franklin Park,McPherson Square / Franklin Park,38.902600000000000,-77.031999999999996,0.232700000000000,31485,135322.455699999991339
18027,1,18027,113651,Park Hyatt Washington - Tesla Destination,ELEC,1201 24th St NW,Washington,DC,20037,,,US,"202-789-1234, 877-798-3752",E,,Public,,,,P,,,,,,,,,,,,,,,,,,,,4,,,"J1772, Tesla",Tesla Destination,507515,https://www.tesla.com/destination-charging,Free,,,,,,200-9,38.905820400000003,-77.051208500000001,5/14/2018 0:00:00,10/6/2022 0:00:00,1/18/2023 15:15:20,HOTEL,,,,,,,West End,West End,38.905099999999997,-77.050700000000006,0.080900000000000,13266,163906.759799999999814
18031,1,18031,113655,The Kimpton George Hotel - Tesla Destination,ELEC,15 E St NW,Washington,DC,20001,,,US,"202-347-4200, 877-798-3752",E,,Public,,,,P,,,,,,,,,,,,,,,,,,,,2,,,"J1772, Tesla",Tesla Destination,500665,https://www.tesla.com/destination-charging,Free,,,,,,200-9,38.896372999999997,-77.010017000000005,11/30/2015 0:00:00,10/6/2022 0:00:00,1/18/2023 15:15:20,HOTEL,,,,,,,Downtown East / Judiciary Square,Downtown East / Judiciary Square,38.896200000000000,-77.014200000000002,0.312000000000000,17253,55306.848599999997532
18032,1,18032,113656,Courtyard Washington Embassy Row - Tesla Destination,ELEC,1600 Rhode Island Ave NW,Washington,DC,20036,,,US,"202-293-8000, 877-798-3752",E,,Public,,,,P,,,,,,,,,,,,,,,,,,,,2,,,Tesla,Tesla Destination,500801,https://www.tesla.com/destination-charging,Free,,,,,,200-9,38.906641000000000,-77.036861000000002,1/25/2016 0:00:00,10/6/2022 0:00:00,1/18/2023 15:15:20,HOTEL,,,,,,,Farragut Square / 19th Street,Farragut Square / 19th Street,38.902900000000002,-77.041799999999995,0.268500000000000,33429,124508.526199999992969
18034,1,18034,113658,One Parking 2000 K - Tesla Destination,ELEC,2000 K St NW,Washington,DC,20006,,,US,"202-298-7125, 877-798-3752",E,,Public,,,,P,,,,,,,,,,,,,,,,,,,,1,,,Tesla,Tesla Destination,511035,https://www.tesla.com/destination-charging,Free,,,,,,200-9,38.902044400000001,-77.045323699999997,6/12/2018 0:00:00,10/6/2022 0:00:00,1/18/2023 15:15:20,PARKING_GARAGE,,,,,,,Farragut Square / 19th Street,Farragut Square / 19th Street,38.902900000000002,-77.041799999999995,0.268500000000000,33429,124508.526199999992969
18035,1,18035,113659,Embassy Row Hotel - Tesla Destination,ELEC,2015 Massachusetts Ave NW,Washington,DC,20036,,,US,"202-265-1600, 877-798-3752",E,,Public,,,,P,,,,,,,,,,,,,,,,,,,,4,,,"J1772, Tesla",Tesla Destination,499916,https://www.tesla.com/destination-charging,Free,,,,,,200-9,38.910623000000001,-77.045744999999997,10/28/2015 0:00:00,10/6/2022 0:00:00,1/18/2023 15:15:20,HOTEL,,,,,,,Dupont Circle,Dupont Circle,38.908700000000003,-77.044600000000003,0.192300000000000,28687,149193.469699999986915
18037,1,18037,113661,State Plaza Hotel - Tesla Destination,ELEC,2117 E St NW,Washington,DC,20037,,,US,"202-861-8200, 877-798-3752",E,,Public,,,,P,,,,,,,,,,,,,,,,,,,,4,,,"J1772, Tesla",Tesla Destination,508700,https://www.tesla.com/destination-charging,Free,,,,,,200-9,38.896217100000001,-77.047623000000002,10/3/2018 0:00:00,10/6/2022 0:00:00,1/18/2023 15:15:20,HOTEL,,,,,,,Foggy Bottom,Foggy Bottom,38.897300000000001,-77.044600000000003,0.257500000000000,40736,158171.452599999989616
18038,1,18038,113662,Kimpton Hotel Palomar Washington DC - Tesla Destination,ELEC,2121 P St NW,Washington,DC,20037,,,US,"202-448-1800, 877-798-3752",E,,Public,,,,P,,,,,,,,,,,,,,,,,,,,2,,,"J1772, Tesla",Tesla Destination,500852,https://www.tesla.com/destination-charging,Free,,,,,,200-9,38.909852000000001,-77.047398999999999,12/23/2015 0:00:00,10/6/2022 0:00:00,1/18/2023 15:15:20,HOTEL,,,,,,,Dupont Circle,Dupont Circle,38.908700000000003,-77.044600000000003,0.192300000000000,28687,149193.469699999986915
18043,1,18043,113668,Hyatt Regency Washington on Capitol Hill - Tesla Destination,ELEC,400 New Jersey Ave NW,Washington,DC,20001,,,US,"202-737-1234, 877-798-3752",E,,Public,,,,P,,,,,,,,,,,,,,,,,,,,4,,,"J1772, Tesla",Tesla Destination,513307,https://www.tesla.com/destination-charging,Free,,,,,,200-9,38.895083000000000,-77.011283000000006,4/19/2016 0:00:00,10/6/2022 0:00:00,1/18/2023 15:15:20,HOTEL,,,,,,,Downtown East / Judiciary Square,Downtown East / Judiciary Square,38.896200000000000,-77.014200000000002,0.312000000000000,17253,55306.848599999997532
18044,1,18044,113669,The Liaison Capitol Hill - Tesla Destination,ELEC,415 New Jersey Ave NW,Washington,DC,20001,,,US,"202-638-1616, 877-798-3752",E,,Public,,,,P,,,,,,,,,,,,,,,,,,,,4,,,Tesla,Tesla Destination,510266,https://www.tesla.com/destination-charging,Free,,,,,,200-9,38.895470099999997,-77.010994900000000,4/13/2018 0:00:00,10/6/2022 0:00:00,1/18/2023 15:15:20,HOTEL,,,,,,,Downtown East / Judiciary Square,Downtown East / Judiciary Square,38.896200000000000,-77.014200000000002,0.312000000000000,17253,55306.848599999997532
18045,1,18045,113671,Hilton Garden Inn Washington DC Downtown - Tesla Destination,ELEC,815 14th St NW,Washington,DC,20005,,,US,"202-783-7800, 877-798-3752",E,,Public,,,,P,,,,,,,,,,,,,,,,,,,,2,,,Tesla,Tesla Destination,499944,https://www.tesla.com/destination-charging,Free,,,,,,200-8,38.900701099999999,-77.031648700000005,12/10/2015 0:00:00,10/6/2022 0:00:00,1/18/2023 15:15:20,HOTEL,,,,,,,McPherson Square / Franklin Park,McPherson Square / Franklin Park,38.902600000000000,-77.031999999999996,0.232700000000000,31485,135322.455699999991339
18046,1,18046,113672,Embassy Suites by Hilton Convention Center - Tesla Destination,ELEC,900 10th St NW,Washington,DC,20001,,,US,"202-739-2001, 877-798-3752",E,,Public,,,,P,,,,,,,,,,,,,,,,,,,,3,,,"J1772, Tesla",Tesla Destination,504520,https://www.tesla.com/destination-charging,Free,,,,,,200-9,38.901936999999997,-77.026251000000002,3/23/2017 0:00:00,10/6/2022 0:00:00,1/18/2023 15:15:20,HOTEL,,,,,,,McPherson Square / Franklin Park,McPherson Square / Franklin Park,38.902600000000000,-77.031999999999996,0.232700000000000,31485,135322.455699999991339
18049,1,18049,113675,The St. Regis Washington D.C. - Tesla Destination,ELEC,923 16th St NW,Washington,DC,20006,,,US,"202-638-2626, 877-798-3752",E,,Public,,,,P,,,,,,,,,,,,,,,,,,,,1,,,Tesla,Tesla Destination,513455,https://www.tesla.com/destination-charging,Free,,,,,,200-9,38.902129500000001,-77.036152200000004,10/6/2015 0:00:00,10/6/2022 0:00:00,1/18/2023 15:15:20,HOTEL,,,,,,,McPherson Square / Franklin Park,McPherson Square / Franklin Park,38.902600000000000,-77.031999999999996,0.232700000000000,31485,135322.455699999991339
22469,1,22469,123243,1801 K Street NW,ELEC,1801 K Street NW,Washington,DC,20006,,,US,866-816-7584,E,,Public,,,,,,,,,,,,,,,,,,,,,,,,2,,,J1772,EV Connect,9cfd54c6-f74c-4f19-8168-a6f04b9a6c51,http://evconnect.com/,,,,,,,GPS,38.903675000000000,-77.041954000000004,4/1/2019 0:00:00,8/16/2023 0:00:00,8/16/2023 0:51:30,,,,,,,,Farragut Square / 19th Street,Farragut Square / 19th Street,38.902900000000002,-77.041799999999995,0.268500000000000,33429,124508.526199999992969
23435,1,23435,137150,901 K Street NW - Tesla Destination,ELEC,901 K St NW,Washington,DC,20036,,,US,"202-350-6625, 877-798-3752",E,,Public,,,,P,,,,,,,,,,,,,,,,,,,,2,,,Tesla,Tesla Destination,513940,https://www.tesla.com/destination-charging,Free,,,,,,GPS,38.903058999999999,-77.025600999999995,4/4/2019 0:00:00,10/6/2022 0:00:00,1/18/2023 15:15:20,PARKING_GARAGE,,,,,,,McPherson Square / Franklin Park,McPherson Square / Franklin Park,38.902600000000000,-77.031999999999996,0.232700000000000,31485,135322.455699999991339
23448,1,23448,137167,1255 23rd St NW - Tesla Destination,ELEC,1255 23rd St NW,Washington,DC,20037,,,US,"202-223-1537, 877-798-3752",E,,Public,,,,P,,,,,,,,,,,,,,,,,,,,4,,,"J1772, Tesla",Tesla Destination,513828,https://www.tesla.com/destination-charging,Free,,,,,,GPS,38.906273300000002,-77.049854199999999,4/5/2019 0:00:00,10/6/2022 0:00:00,1/18/2023 15:15:20,PARKING_GARAGE,,,,,,,West End,West End,38.905099999999997,-77.050700000000006,0.080900000000000,13266,163906.759799999999814
23449,1,23449,137168,The Hub - Tesla Destination,ELEC,1615 L St NW,Washington,DC,20036,,,US,"202-349-4068, 877-798-3752",E,,Public,,,,P,,,,,,,,,,,,,,,,,,,,2,,,"J1772, Tesla",Tesla Destination,513942,https://www.tesla.com/destination-charging,Free,,,,,,GPS,38.904273000000003,-77.037481000000000,4/25/2019 0:00:00,10/6/2022 0:00:00,1/18/2023 15:15:20,PARKING_GARAGE,,,,,,,Farragut Square / 19th Street,Farragut Square / 19th Street,38.902900000000002,-77.041799999999995,0.268500000000000,33429,124508.526199999992969
25013,1,25013,148386,531713 : The Jefferson Building,ELEC,1225 19th Street Northwest,Washington,DC,20036,,,US,800-663-5633,E,,Public,,,,,,,,,,,,,,,,,,,,,,,,4,,,J1772,SemaCharge Network,2892,https://semaconnect.com/,$0.15/kWh Energy Fee,,,,,,GPS,38.906666000000001,-77.043042999999997,2/6/2019 0:00:00,6/21/2023 0:00:00,6/21/2023 0:02:57,,,,,,,,Dupont Circle,Dupont Circle,38.908700000000003,-77.044600000000003,0.192300000000000,28687,149193.469699999986915
25014,1,25014,148393,1200 17th Street NW,ELEC,"1200 17th Street, NW",Washington,DC,20036,,,US,800-663-5633,T,2/27/2023 0:00:00,Public,,,,,,,,,,,,,,,,,,,,,,,,2,,,J1772,SemaCharge Network,889,https://semaconnect.com/,FREE,,,,,,GPS,38.905749000000000,-77.038704999999993,11/5/2014 0:00:00,6/20/2023 0:00:00,6/20/2023 0:10:31,,,,,,,,Farragut Square / 19th Street,Farragut Square / 19th Street,38.902900000000002,-77.041799999999995,0.268500000000000,33429,124508.526199999992969
25015,1,25015,148394,1920 L Street,ELEC,1920 L Street NW,Washington,DC,20036,,Closed Saturdays & Sundays,US,800-663-5633,E,,Public,,,,,,,,,,,,,,,,,,,,,,,,1,,,J1772,SemaCharge Network,358,https://semaconnect.com/,$1.50/Hr Parking Fee,,,,,,GPS,38.903492000000000,-77.044477000000001,11/1/2013 0:00:00,6/21/2023 0:00:00,6/21/2023 0:04:18,,,,,,,,Farragut Square / 19th Street,Farragut Square / 19th Street,38.902900000000002,-77.041799999999995,0.268500000000000,33429,124508.526199999992969
25016,1,25016,148395,1900 L Street,ELEC,1900 L Street NW,Washington,DC,20036,,Closed Saturdays & Sundays,US,800-663-5633,E,,Public,,,,,,,,,,,,,,,,,,,,,,,,1,,,J1772,SemaCharge Network,357,https://semaconnect.com/,$1.50/Hr Parking Fee,,,,,,GPS,38.903492000000000,-77.043903000000000,11/1/2013 0:00:00,6/21/2023 0:00:00,6/21/2023 0:04:11,,,,,,,,Farragut Square / 19th Street,Farragut Square / 19th Street,38.902900000000002,-77.041799999999995,0.268500000000000,33429,124508.526199999992969
25018,1,25018,148398,1020 19th Street,ELEC,1020 19th Street NW,Washington,DC,20036,,Closed Saturdays & Sundays,US,800-663-5633,E,,Public,,,,,,,,,,,,,,,,,,,,,,,,1,,,J1772,SemaCharge Network,360,https://semaconnect.com/,$1.50/Hr Parking Fee,,,,,,GPS,38.903146999999997,-77.043824999999998,10/28/2016 0:00:00,6/21/2023 0:00:00,6/21/2023 0:04:16,,,,,,,,Farragut Square / 19th Street,Farragut Square / 19th Street,38.902900000000002,-77.041799999999995,0.268500000000000,33429,124508.526199999992969
25019,1,25019,148399,Eleven Hundred Connecticut Avenue,ELEC,1100 Connecticut Avenue Northwest,Washington,DC,20036,,,US,800-663-5633,E,,Public,,,,,,,,,,,,,,,,,,,,,,,,2,,,J1772,SemaCharge Network,3293,https://semaconnect.com/,$1.00/Hr Parking Fee,,,,,,GPS,38.903972000000003,-77.040549999999996,6/3/2019 0:00:00,6/21/2023 0:00:00,6/21/2023 0:01:36,,,,,,,,Farragut Square / 19th Street,Farragut Square / 19th Street,38.902900000000002,-77.041799999999995,0.268500000000000,33429,124508.526199999992969
25020,1,25020,148401,"531706 : 1667 K Street, NW",ELEC,1667 K Street Northwest,Washington,DC,20006,,,US,800-663-5633,E,,Public,,,,,,,,,,,,,,,,,,,,,,,,4,,,J1772,SemaCharge Network,2673,https://semaconnect.com/,$0.00-$10.00/Hr Variable Parking Fee,,,,,,GPS,38.903018000000003,-77.038133000000002,7/17/2018 0:00:00,6/21/2023 0:00:00,6/21/2023 0:02:37,,,,,,,,Farragut Square / 19th Street,Farragut Square / 19th Street,38.902900000000002,-77.041799999999995,0.268500000000000,33429,124508.526199999992969
25023,1,25023,148417,"531705 : 1331 F Street, NW",ELEC,1331 F Street Northwest,Washington,DC,20004,,,US,800-663-5633,E,,Public,,,,,,,,,,,,,,,,,,,,,,,,4,,,J1772,SemaCharge Network,2672,https://semaconnect.com/,$0.00-$10.00/Hr Variable Parking Fee,,,,,,GPS,38.897643000000002,-77.030935999999997,4/4/2016 0:00:00,6/21/2023 0:00:00,6/21/2023 0:01:44,,,,,,,,Metro Center / 15th Street,Metro Center / 15th Street,38.897799999999997,-77.028099999999995,0.198000000000000,36833,185980.587599999998929
25024,1,25024,148422,1001 Pennsylvania,ELEC,1001 Pennsylvania Avenue Northwest,Washington,DC,20004,,,US,800-663-5633,E,,Public,,,,,,,,,,,,,,,,,,,,,,,,4,,,J1772,SemaCharge Network,1210,https://semaconnect.com/,$2.00/Hr Parking Fee,,,,,,GPS,38.895414000000002,-77.026005999999995,12/1/2011 0:00:00,6/21/2023 0:00:00,6/21/2023 0:02:46,,,,,,,,Metro Center / 15th Street,Metro Center / 15th Street,38.897799999999997,-77.028099999999995,0.198000000000000,36833,185980.587599999998929
25027,1,25027,148426,Lexington/Market Sq Parking Garage,ELEC,401 9th St NW & D St NW,Washington,DC,20004,,null,US,800-663-5633,E,,Public,,,,,,,,,,,,,,,,,,,,,,,,2,,,J1772,SemaCharge Network,113,https://semaconnect.com/,$1.00-$5.00/Hr Variable Parking Fee,,,,,,GPS,38.894759000000001,-77.023956999999996,12/20/2011 0:00:00,6/20/2023 0:00:00,6/20/2023 0:11:02,,,,,,,,Gallery Place / Chinatown,Gallery Place / Chinatown,38.899200000000000,-77.021799999999999,0.205600000000000,40394,196512.243900000001304
25028,1,25028,148427,122 C Street,ELEC,122 C Street NW,Washington,DC,20001,,Closed Saturdays & Sundays,US,800-663-5633,T,2/27/2023 0:00:00,Public,,,,,,,,,,,,,,,,,,,,,,,,1,,,J1772,SemaCharge Network,359,https://semaconnect.com/,$1.50/Hr Parking Fee,,,,,,GPS,38.893317000000003,-77.013020999999995,1/2/2012 0:00:00,6/20/2023 0:00:00,6/20/2023 0:10:16,,,,,,,,Downtown East / Judiciary Square,Downtown East / Judiciary Square,38.896200000000000,-77.014200000000002,0.312000000000000,17253,55306.848599999997532
25029,1,25029,148428,Central Parking - 101 Constitution,ELEC,101 Constitution Avenue Northwest,Washington,DC,20001,,,US,800-663-5633,E,,Public,,,,,,,,,,,,,,,,,,,,,,,,2,,,J1772,SemaCharge Network,968,https://semaconnect.com/,FREE,,,,,,GPS,38.892681000000003,-77.013120999999998,11/29/2011 0:00:00,6/20/2023 0:00:00,6/20/2023 0:09:23,,,,,,,,Downtown East / Judiciary Square,Downtown East / Judiciary Square,38.896200000000000,-77.014200000000002,0.312000000000000,17253,55306.848599999997532
25920,1,25920,150290,SQUARE 54,ELEC,2200 Pennsylvania Ave NW,Washington,DC,20037,,,US,800-663-5633,E,,Public,,,,,,,,,,,,,,,,,,,,,,,,3,,,J1772,SemaCharge Network,4031,https://semaconnect.com/,"$1.00-$5.00/Hr Variable Parking Fee, $0.22/kWh Energy Fee",,,,,,GPS,38.901792000000000,-77.049323999999999,10/30/2019 0:00:00,6/21/2023 0:00:00,6/21/2023 0:01:07,,,,,,,,Foggy Bottom,Foggy Bottom,38.897300000000001,-77.044600000000003,0.257500000000000,40736,158171.452599999989616
25945,1,25945,150343,WEST HALF 2 & 3 1900 N ST 6,ELEC,1900 N St NW,Washington,DC,20036,,,US,888-758-4389,E,,Public,,24 hours daily,,,,,,,,,,,,,,,,,,,,,,1,,,J1772,ChargePoint Network,USCPIL2033901,http://www.chargepoint.com/,,,,,,,GPS,38.907198999999999,-77.043567999999993,12/19/2019 0:00:00,8/16/2023 0:00:00,8/16/2023 0:19:14,,,,,,,,Dupont Circle,Dupont Circle,38.908700000000003,-77.044600000000003,0.192300000000000,28687,149193.469699999986915
25954,1,25954,150369,"Lenkin 1133A, Lenkin 1133B",ELEC,1133 Connecticut Avenue Northwest,Washington,DC,20036,,,US,800-663-5633,E,,Public,,,,,,,,,,,,,,,,,,,,,,,,2,,,J1772,SemaCharge Network,4044,https://semaconnect.com/,$1.00/Hr Parking Fee,,,,,,GPS,38.904904999999999,-77.040131000000002,11/13/2019 0:00:00,6/21/2023 0:00:00,6/21/2023 0:02:39,,,,,,,,Farragut Square / 19th Street,Farragut Square / 19th Street,38.902900000000002,-77.041799999999995,0.268500000000000,33429,124508.526199999992969
25955,1,25955,150370,"Lenkin 1050A, Lenkin 1050B",ELEC,1050 K Street Northwest,Washington,DC,20001,,,US,800-663-5633,E,,Public,,,,,,,,,,,,,,,,,,,,,,,,2,,,J1772,SemaCharge Network,4045,https://semaconnect.com/,$1.00/Hr Parking Fee,,,,,,GPS,38.902140000000003,-77.026714999999996,11/13/2019 0:00:00,6/21/2023 0:00:00,6/21/2023 0:04:11,,,,,,,,McPherson Square / Franklin Park,McPherson Square / Franklin Park,38.902600000000000,-77.031999999999996,0.232700000000000,31485,135322.455699999991339
26129,1,26129,150607,Columbia Center - Tesla Destination,ELEC,1152 15th St NW,Washington,DC,20005,,,US,"202-350-6625, 877-798-3752",E,,Public,,,,P,,,,,,,,,,,,,,,,,,,,1,,,Tesla,Tesla Destination,513945,https://www.tesla.com/destination-charging,Free,,,,,,200-9,38.904930000000000,-77.035048000000003,4/9/2019 0:00:00,10/6/2022 0:00:00,1/18/2023 15:15:20,,,,,,,,McPherson Square / Franklin Park,McPherson Square / Franklin Park,38.902600000000000,-77.031999999999996,0.232700000000000,31485,135322.455699999991339
26130,1,26130,150608,1875 K Street - Tesla Destination,ELEC,1875 K St NW,Washington,DC,20036,,,US,"202-303-3080, 877-798-3752",E,,Public,,,,P,,,,,,,,,,,,,,,,,,,,2,,,Tesla,Tesla Destination,513943,https://www.tesla.com/destination-charging,Free,,,,,,200-8,38.902991000000000,-77.043045000000006,4/1/2019 0:00:00,10/6/2022 0:00:00,1/18/2023 15:15:20,,,,,,,,Farragut Square / 19th Street,Farragut Square / 19th Street,38.902900000000002,-77.041799999999995,0.268500000000000,33429,124508.526199999992969
26131,1,26131,150609,1700 New York Avenue - Tesla Destination,ELEC,1700 New York Ave,Washington,DC,20006,,,US,"202-349-4068, 877-798-3752",E,,Public,,,,P,,,,,,,,,,,,,,,,,,,,2,,,"J1772, Tesla",Tesla Destination,513941,https://www.tesla.com/destination-charging,Free,,,,,,200-9,38.896068999999997,-77.040274999999994,4/4/2019 0:00:00,10/6/2022 0:00:00,1/18/2023 15:15:20,,,,,,,,Foggy Bottom,Foggy Bottom,38.897300000000001,-77.044600000000003,0.257500000000000,40736,158171.452599999989616
26299,1,26299,150799,INTERPARK PENN QTR1,ELEC,616 E St NW,Washington,DC,20004,,,US,888-758-4389,E,,Public,,24 hours daily,,,,,,,,,,,,,,,,,,,,,,2,,,J1772,ChargePoint Network,USCPIL2044721,http://www.chargepoint.com/,,,,,,,GPS,38.896422999999999,-77.021240000000006,12/25/2019 0:00:00,8/16/2023 0:00:00,8/16/2023 0:19:27,,,,,,,,Gallery Place / Chinatown,Gallery Place / Chinatown,38.899200000000000,-77.021799999999999,0.205600000000000,40394,196512.243900000001304
26804,1,26804,152377,531714 - 799 9th Street,ELEC,"799 9th Street NW, Suite 102",Washington,DC,20001,,First 4 hours are free. $10/hr parking fee each our thereafter.,US,800-663-5633,E,,Public,,24 hours daily,,,,,,,,,,,,,,,,,,,,,,6,,,J1772,SemaCharge Network,446,https://semaconnect.com/,$0.00-$10.00/Hr Variable Parking Fee,,,,,,GPS,38.899515000000001,-77.023467999999994,2/6/2019 0:00:00,6/21/2023 0:00:00,6/21/2023 0:04:15,,,,,,,,Gallery Place / Chinatown,Gallery Place / Chinatown,38.899200000000000,-77.021799999999999,0.205600000000000,40394,196512.243900000001304
27061,1,27061,152997,Lincoln Square - 555 11th Street NW,ELEC,555 11th Street Northwest,Washington,DC,20004,,,US,800-663-5633,E,,Public,,,,,,,,,,,,,,,,,,,,,,,,2,,,J1772,SemaCharge Network,4141,https://semaconnect.com/,FREE,,,,,,GPS,38.896785999999999,-77.026450999999994,11/11/2019 0:00:00,6/21/2023 0:00:00,6/21/2023 0:01:30,,,,,,,,Metro Center / 15th Street,Metro Center / 15th Street,38.897799999999997,-77.028099999999995,0.198000000000000,36833,185980.587599999998929
27981,1,27981,155091,QuikPark Inc.,ELEC,560 13th St NW,Washington,DC,20045,,,US,866-816-7584,E,,Public,,,,,,,,,,,,,,,,,,,,,,,,5,,,J1772,EV Connect,57a5c52c-5145-4f45-b3a3-5cc6c4dea68b,http://evconnect.com/,,,,,,,GPS,38.896748000000002,-77.029685000000001,4/30/2019 0:00:00,8/16/2023 0:00:00,8/16/2023 0:51:45,,,,,,,,Metro Center / 15th Street,Metro Center / 15th Street,38.897799999999997,-77.028099999999995,0.198000000000000,36833,185980.587599999998929
28112,1,28112,155343,"BROOKCHARGE LB1A 25,27",ELEC,655 New York Ave.,Washington,DC,20001,,,US,888-758-4389,T,9/9/2022 0:00:00,Public,,24 hours daily,,,,,,,,,,,,,,,,,,,,,,1,,,J1772,ChargePoint Network,USCPIL500451,http://www.chargepoint.com/,,,,,,,GPS,38.903804000000001,-77.020937000000004,4/14/2020 0:00:00,8/16/2023 0:00:00,8/16/2023 0:10:07,,,,,,,,Gallery Place / Chinatown,Gallery Place / Chinatown,38.899200000000000,-77.021799999999999,0.205600000000000,40394,196512.243900000001304
32974,1,32974,165359,1050 17th,ELEC,1050 17th Street Northwest,Washington,DC,20036,,,US,800-663-5633,E,,Public,,,,,,,,,,,,,,,,,,,,,,,,4,,,J1772,SemaCharge Network,4760,https://semaconnect.com/,$1.00/Hr Parking Fee,,,,,,GPS,38.903444000000000,-77.038790000000006,6/9/2020 0:00:00,6/21/2023 0:00:00,6/21/2023 0:02:46,,,,,,,,Farragut Square / 19th Street,Farragut Square / 19th Street,38.902900000000002,-77.041799999999995,0.268500000000000,33429,124508.526199999992969
33539,1,33539,166968,JBG 2101 L Street - B1,ELEC,2101 L Street,Washington,DC,20037,,B1 parking at the bottom of the ramp||,US,888-998-2546,E,,Public,,,,,,,,,,,,,,,,,,,,,,,,1,,,J1772,Blink Network,465ba1dd-d734-8158-93cc-330000521760,http://www.blinkcharging.com/,Free,,,,,,GPS,38.903939999999999,-77.047719999999998,9/22/2020 0:00:00,6/21/2023 0:00:00,6/21/2023 0:01:05,,,,,,,,Farragut Square / 19th Street,Farragut Square / 19th Street,38.902900000000002,-77.041799999999995,0.268500000000000,33429,124508.526199999992969
34014,1,34014,167874,City Center Hines,ELEC,870 9th Street Northwest,Washington,DC,20001,,,US,800-663-5633,E,,Public,,,,,,,,,,,,,,,,,,,,,,,,22,,,J1772,SemaCharge Network,4047,https://semaconnect.com/,$0.00-$5.00/Hr Variable Parking Fee,,,,,,GPS,38.900584000000002,-77.024473000000000,10/6/2017 0:00:00,6/20/2023 0:00:00,6/20/2023 0:10:09,,,,,,,,Metro Center / 15th Street,Metro Center / 15th Street,38.897799999999997,-77.028099999999995,0.198000000000000,36833,185980.587599999998929
34655,1,34655,169189,"The Residences at the Ritz-Carlton, Washington D.C. - Tesla Destination",ELEC,1111 23rd St,Washington,DC,20037,,,US,", 877-798-3752",E,,Public,,,,P,,,,,,,,,,,,,,,,,,,,1,,,Tesla,Tesla Destination,502416,https://www.tesla.com/destination-charging,Free,,,,,,200-9,38.904874999999997,-77.050068999999993,7/1/2015 0:00:00,10/6/2022 0:00:00,1/18/2023 15:15:20,,,,,,,,West End,West End,38.905099999999997,-77.050700000000006,0.080900000000000,13266,163906.759799999999814
36072,1,36072,171602,LENKIN CO 1300 A,ELEC,1300 19th St NW,Washington,DC,20036,,,US,888-758-4389,E,,Public,,24 hours daily,,,,,,,,,,,,,,,,,,,,,,2,,,J1772,ChargePoint Network,USCPIL735941,http://www.chargepoint.com/,,,,,,,GPS,38.907454999999999,-77.043987999999999,1/27/2021 0:00:00,8/16/2023 0:00:00,8/16/2023 0:12:20,,,,,,,,Dupont Circle,Dupont Circle,38.908700000000003,-77.044600000000003,0.192300000000000,28687,149193.469699999986915
37247,1,37247,173136,1255 22ND ST STATION 3,ELEC,1255 22nd St NW,Washington,DC,20037,,,US,888-758-4389,T,5/13/2023 0:00:00,Public,,24 hours daily,,,,,,,,,,,,,,,,,,,,,,2,,,J1772,ChargePoint Network,USCPIL218193,http://www.chargepoint.com/,,,,,,,GPS,38.906680000000001,-77.048361999999997,1/27/2021 0:00:00,8/16/2023 0:00:00,8/16/2023 0:07:22,,,,,,,,Dupont Circle,Dupont Circle,38.908700000000003,-77.044600000000003,0.192300000000000,28687,149193.469699999986915
37248,1,37248,173137,1255 22ND ST STATION 1,ELEC,1255 22nd St NW,Washington,DC,20037,,,US,888-758-4389,E,,Public,,24 hours daily,,,,,,,,,,,,,,,,,,,,,,2,,,J1772,ChargePoint Network,USCPIL218161,http://www.chargepoint.com/,,,,,,,GPS,38.906675999999997,-77.048355000000001,1/27/2021 0:00:00,8/16/2023 0:00:00,8/16/2023 0:07:22,,,,,,,,Dupont Circle,Dupont Circle,38.908700000000003,-77.044600000000003,0.192300000000000,28687,149193.469699999986915
37249,1,37249,173138,1255 22ND ST STATION 4,ELEC,1255 22nd St NW,Washington,DC,20037,,,US,888-758-4389,E,,Public,,24 hours daily,,,,,,,,,,,,,,,,,,,,,,1,,,J1772,ChargePoint Network,USCPIL192323,http://www.chargepoint.com/,,,,,,,GPS,38.906685000000003,-77.048370000000006,1/27/2021 0:00:00,8/16/2023 0:00:00,8/16/2023 0:06:08,,,,,,,,Dupont Circle,Dupont Circle,38.908700000000003,-77.044600000000003,0.192300000000000,28687,149193.469699999986915
37410,1,37410,173405,TOWER COMPANIES 1909K STATION 1,ELEC,1909 K St NWUS-29,Washington,DC,20006,,,US,888-758-4389,E,,Public,,24 hours daily,,,,,,,,,,,,,,,,,,,,,,2,,,J1772,ChargePoint Network,USCPIL615681,http://www.chargepoint.com/,,,,,,,GPS,38.903002000000001,-77.044173000000001,1/27/2021 0:00:00,8/16/2023 0:00:00,8/16/2023 0:11:11,,,,,,,,Farragut Square / 19th Street,Farragut Square / 19th Street,38.902900000000002,-77.041799999999995,0.268500000000000,33429,124508.526199999992969
37464,1,37464,173481,CARR PROPERTIES P1 62EE,ELEC,1100 15th St NW,Washington,DC,20005,,,US,888-758-4389,T,7/9/2023 0:00:00,Public,,24 hours daily,,,,,,,,,,,,,,,,,,,,,,2,,,J1772,ChargePoint Network,USCPIL182527,http://www.chargepoint.com/,,,,,,,GPS,38.903967999999999,-77.034951000000007,1/27/2021 0:00:00,8/16/2023 0:00:00,8/16/2023 0:05:21,,,,,,,,McPherson Square / Franklin Park,McPherson Square / Franklin Park,38.902600000000000,-77.031999999999996,0.232700000000000,31485,135322.455699999991339
37465,1,37465,173482,CARR PROPERTIES P1 62F1,ELEC,1100 15th St NW,Washington,DC,20005,,,US,888-758-4389,T,7/9/2023 0:00:00,Public,,24 hours daily,,,,,,,,,,,,,,,,,,,,,,2,,,J1772,ChargePoint Network,USCPIL182519,http://www.chargepoint.com/,,,,,,,GPS,38.903976000000000,-77.034963000000005,1/27/2021 0:00:00,8/16/2023 0:00:00,8/16/2023 0:05:21,,,,,,,,McPherson Square / Franklin Park,McPherson Square / Franklin Park,38.902600000000000,-77.031999999999996,0.232700000000000,31485,135322.455699999991339
37466,1,37466,173483,CARR PROPERTIES P2 6256,ELEC,1100 15th St NW,Washington,DC,20005,,,US,888-758-4389,T,7/9/2023 0:00:00,Public,,24 hours daily,,,,,,,,,,,,,,,,,,,,,,2,,,J1772,ChargePoint Network,USCPIL182515,http://www.chargepoint.com/,,,,,,,GPS,38.903968999999996,-77.034963000000005,1/27/2021 0:00:00,8/16/2023 0:00:00,8/16/2023 0:05:21,,,,,,,,McPherson Square / Franklin Park,McPherson Square / Franklin Park,38.902600000000000,-77.031999999999996,0.232700000000000,31485,135322.455699999991339
37467,1,37467,173484,CARR PROPERTIES P3 62E1,ELEC,1100 15th St NW,Washington,DC,20005,,,US,888-758-4389,E,,Public,,24 hours daily,,,,,,,,,,,,,,,,,,,,,,2,,,J1772,ChargePoint Network,USCPIL182511,http://www.chargepoint.com/,,,,,,,GPS,38.903930000000003,-77.034964000000002,1/27/2021 0:00:00,8/16/2023 0:00:00,8/16/2023 0:05:21,,,,,,,,McPherson Square / Franklin Park,McPherson Square / Franklin Park,38.902600000000000,-77.031999999999996,0.232700000000000,31485,135322.455699999991339
37468,1,37468,173485,CARR PROPERTIES P2 5A9F,ELEC,1100 15th St NW,Washington,DC,20005,,,US,888-758-4389,T,7/9/2023 0:00:00,Public,,24 hours daily,,,,,,,,,,,,,,,,,,,,,,1,,,J1772,ChargePoint Network,USCPIL174639,http://www.chargepoint.com/,,,,,,,GPS,38.903976999999998,-77.034947000000003,1/27/2021 0:00:00,8/16/2023 0:00:00,8/16/2023 0:04:42,,,,,,,,McPherson Square / Franklin Park,McPherson Square / Franklin Park,38.902600000000000,-77.031999999999996,0.232700000000000,31485,135322.455699999991339
37469,1,37469,173486,CARR PROPERTIES P3 5A5C,ELEC,1100 15th St NW,Washington,DC,20005,,,US,888-758-4389,E,,Public,,24 hours daily,,,,,,,,,,,,,,,,,,,,,,1,,,J1772,ChargePoint Network,USCPIL174633,http://www.chargepoint.com/,,,,,,,GPS,38.903941000000003,-77.034976999999998,1/27/2021 0:00:00,8/16/2023 0:00:00,8/16/2023 0:04:42,,,,,,,,McPherson Square / Franklin Park,McPherson Square / Franklin Park,38.902600000000000,-77.031999999999996,0.232700000000000,31485,135322.455699999991339
37470,1,37470,173487,CARR PROPERTIES P3 553A,ELEC,1100 15th St NW,Washington,DC,20005,,,US,888-758-4389,E,,Public,,24 hours daily,,,,,,,,,,,,,,,,,,,,,,1,,,J1772,ChargePoint Network,USCPIL174629,http://www.chargepoint.com/,,,,,,,GPS,38.903925999999998,-77.034959000000001,1/27/2021 0:00:00,8/16/2023 0:00:00,8/16/2023 0:04:42,,,,,,,,McPherson Square / Franklin Park,McPherson Square / Franklin Park,38.902600000000000,-77.031999999999996,0.232700000000000,31485,135322.455699999991339
37471,1,37471,173488,CARR PROPERTIES P2 5774,ELEC,1100 15th St NW,Washington,DC,20005,,,US,888-758-4389,E,,Public,,24 hours daily,,,,,,,,,,,,,,,,,,,,,,1,,,J1772,ChargePoint Network,USCPIL174623,http://www.chargepoint.com/,,,,,,,GPS,38.903987000000001,-77.034925999999999,1/27/2021 0:00:00,8/16/2023 0:00:00,8/16/2023 0:04:42,,,,,,,,McPherson Square / Franklin Park,McPherson Square / Franklin Park,38.902600000000000,-77.031999999999996,0.232700000000000,31485,135322.455699999991339
37472,1,37472,173489,CARR PROPERTIES P1 652A,ELEC,1100 15th St NW,Washington,DC,20005,,,US,888-758-4389,T,7/28/2023 0:00:00,Public,,24 hours daily,,,,,,,,,,,,,,,,,,,,,,2,,,J1772,ChargePoint Network,USCPIL183939,http://www.chargepoint.com/,,,,,,,GPS,38.903970000000001,-77.034988999999996,1/27/2021 0:00:00,8/16/2023 0:00:00,8/16/2023 0:05:32,,,,,,,,McPherson Square / Franklin Park,McPherson Square / Franklin Park,38.902600000000000,-77.031999999999996,0.232700000000000,31485,135322.455699999991339
37473,1,37473,173490,CARR PROPERTIES P3 652B,ELEC,1100 15th St NW,Washington,DC,20005,,,US,888-758-4389,E,,Public,,24 hours daily,,,,,,,,,,,,,,,,,,,,,,2,,,J1772,ChargePoint Network,USCPIL183937,http://www.chargepoint.com/,,,,,,,GPS,38.903973999999998,-77.034952000000004,1/27/2021 0:00:00,8/16/2023 0:00:00,8/16/2023 0:05:32,,,,,,,,McPherson Square / Franklin Park,McPherson Square / Franklin Park,38.902600000000000,-77.031999999999996,0.232700000000000,31485,135322.455699999991339
38419,1,38419,174851,WEST HALF 2 & 3 1900 N ST 2,ELEC,1900 N St NW,Washington,DC,20036,,,US,888-758-4389,E,,Public,,24 hours daily,,,,,,,,,,,,,,,,,,,,,,2,,,J1772,ChargePoint Network,USCPIL2033891,http://www.chargepoint.com/,,,,,,,GPS,38.907184999999998,-77.043713999999994,1/27/2021 0:00:00,8/16/2023 0:00:00,8/16/2023 0:19:14,,,,,,,,Dupont Circle,Dupont Circle,38.908700000000003,-77.044600000000003,0.192300000000000,28687,149193.469699999986915
38420,1,38420,174852,WEST HALF 2 & 3 1900 N ST 4,ELEC,1900 N St NW,Washington,DC,20036,,,US,888-758-4389,E,,Public,,24 hours daily,,,,,,,,,,,,,,,,,,,,,,2,,,J1772,ChargePoint Network,USCPIL2033881,http://www.chargepoint.com/,,,,,,,GPS,38.907195999999999,-77.043603000000004,1/27/2021 0:00:00,8/16/2023 0:00:00,8/16/2023 0:19:14,,,,,,,,Dupont Circle,Dupont Circle,38.908700000000003,-77.044600000000003,0.192300000000000,28687,149193.469699999986915
38421,1,38421,174853,WEST HALF 2 & 3 1900 N ST 7,ELEC,1900 N St NW,Washington,DC,20036,,,US,888-758-4389,E,,Public,,24 hours daily,,,,,,,,,,,,,,,,,,,,,,2,,,J1772,ChargePoint Network,USCPIL2033871,http://www.chargepoint.com/,,,,,,,GPS,38.907190999999997,-77.043797999999995,1/27/2021 0:00:00,8/16/2023 0:00:00,8/16/2023 0:19:14,,,,,,,,Dupont Circle,Dupont Circle,38.908700000000003,-77.044600000000003,0.192300000000000,28687,149193.469699999986915
38422,1,38422,174854,WEST HALF 2 & 3 1900 N ST 5,ELEC,1900 N St NW,Washington,DC,20036,,,US,888-758-4389,E,,Public,,24 hours daily,,,,,,,,,,,,,,,,,,,,,,2,,,J1772,ChargePoint Network,USCPIL2033861,http://www.chargepoint.com/,,,,,,,GPS,38.907192000000002,-77.043647000000007,1/27/2021 0:00:00,8/16/2023 0:00:00,8/16/2023 0:19:14,,,,,,,,Dupont Circle,Dupont Circle,38.908700000000003,-77.044600000000003,0.192300000000000,28687,149193.469699999986915
38423,1,38423,174855,WEST HALF 2 & 3 1900 N ST 3,ELEC,1900 N St NW,Washington,DC,20036,,,US,888-758-4389,E,,Public,,24 hours daily,,,,,,,,,,,,,,,,,,,,,,1,,,J1772,ChargePoint Network,USCPIL2033851,http://www.chargepoint.com/,,,,,,,GPS,38.907181000000001,-77.043678000000000,1/27/2021 0:00:00,8/16/2023 0:00:00,8/16/2023 0:19:14,,,,,,,,Dupont Circle,Dupont Circle,38.908700000000003,-77.044600000000003,0.192300000000000,28687,149193.469699999986915
38424,1,38424,174856,WEST HALF 2 & 3 1900 N ST 1,ELEC,1900 N St NW,Washington,DC,20036,,,US,888-758-4389,E,,Public,,24 hours daily,,,,,,,,,,,,,,,,,,,,,,2,,,J1772,ChargePoint Network,USCPIL2033841,http://www.chargepoint.com/,,,,,,,GPS,38.907190999999997,-77.043764999999993,1/27/2021 0:00:00,8/16/2023 0:00:00,8/16/2023 0:19:14,,,,,,,,Dupont Circle,Dupont Circle,38.908700000000003,-77.044600000000003,0.192300000000000,28687,149193.469699999986915
38963,1,38963,175522,"BROOKCHARGE LB1A 31,33",ELEC,655 New York Ave.,Washington,DC,20001,,,US,888-758-4389,T,9/9/2022 0:00:00,Public,,24 hours daily,,,,,,,,,,,,,,,,,,,,,,1,,,J1772,ChargePoint Network,USCPIL500361,http://www.chargepoint.com/,,,,,,,GPS,38.903829999999999,-77.021039999999999,1/27/2021 0:00:00,8/16/2023 0:00:00,8/16/2023 0:10:07,,,,,,,,Gallery Place / Chinatown,Gallery Place / Chinatown,38.899200000000000,-77.021799999999999,0.205600000000000,40394,196512.243900000001304
38964,1,38964,175523,"BROOKCHARGE LB1B 39,41",ELEC,655 New York Ave.,Washington,DC,20001,,,US,888-758-4389,T,9/9/2022 0:00:00,Public,,24 hours daily,,,,,,,,,,,,,,,,,,,,,,1,,,J1772,ChargePoint Network,USCPIL499801,http://www.chargepoint.com/,,,,,,,GPS,38.903801000000001,-77.021039000000002,1/27/2021 0:00:00,8/16/2023 0:00:00,8/16/2023 0:10:07,,,,,,,,Gallery Place / Chinatown,Gallery Place / Chinatown,38.899200000000000,-77.021799999999999,0.205600000000000,40394,196512.243900000001304
38965,1,38965,175524,"BROOKCHARGE LB1A35,37,39,41",ELEC,655 New York Ave.,Washington,DC,20001,,,US,888-758-4389,T,9/9/2022 0:00:00,Public,,24 hours daily,,,,,,,,,,,,,,,,,,,,,,2,,,J1772,ChargePoint Network,USCPIL478971,http://www.chargepoint.com/,,,,,,,GPS,38.903934999999997,-77.021111000000005,1/27/2021 0:00:00,8/16/2023 0:00:00,8/16/2023 0:09:59,,,,,,,,Gallery Place / Chinatown,Gallery Place / Chinatown,38.899200000000000,-77.021799999999999,0.205600000000000,40394,196512.243900000001304
38966,1,38966,175526,"BROOKCHARGE LB1B23,25,27,29",ELEC,655 New York Ave.,Washington,DC,20001,,,US,888-758-4389,T,9/9/2022 0:00:00,Public,,24 hours daily,,,,,,,,,,,,,,,,,,,,,,2,,,J1772,ChargePoint Network,USCPIL478831,http://www.chargepoint.com/,,,,,,,GPS,38.903810000000000,-77.021024999999995,1/27/2021 0:00:00,8/16/2023 0:00:00,8/16/2023 0:09:59,,,,,,,,Gallery Place / Chinatown,Gallery Place / Chinatown,38.899200000000000,-77.021799999999999,0.205600000000000,40394,196512.243900000001304
45276,1,45276,184306,GSA FLEET / WESTCTYARD,ELEC,501-555 19th St NW,Washington,DC,20036,,,US,,E,,Private,GOVERNMENT,,,FG,GSA,,,,,,,,,,,,,,,,,,,1,,,J1772,Non-Networked,,,Free,,,,,,GPS,38.896008000000002,-77.043470999999997,1/15/2021 0:00:00,2/22/2021 0:00:00,8/4/2021 0:01:52,FED_GOV,,,,,,,Foggy Bottom,Foggy Bottom,38.897300000000001,-77.044600000000003,0.257500000000000,40736,158171.452599999989616
45278,1,45278,184308,US MINT,ELEC,801 9th St NW,Washington,DC,20001,,,US,,E,,Private,GOVERNMENT,,"American Express, Discover, MasterCard, Visa",FG,DOI,,,,,,,,,,,,,,,,,,,1,,,J1772,Non-Networked,,,$0.12 per kWh,,,,,,GPS,38.900627000000000,-77.023611000000002,1/15/2021 0:00:00,2/22/2021 0:00:00,8/4/2021 0:01:52,FED_GOV,,,,,,,Gallery Place / Chinatown,Gallery Place / Chinatown,38.899200000000000,-77.021799999999999,0.205600000000000,40394,196512.243900000001304
45372,1,45372,184403,EPA Headquarters,ELEC,1200 Pennsylvania Ave NW,Washington,DC,20004,,,US,,E,,Private,GOVERNMENT,,,FG,EPA,,,,,,,,,,,,,,,,,,,2,,,J1772,Non-Networked,,,,,,,,,GPS,38.893999000000001,-77.028948999999997,1/15/2021 0:00:00,2/22/2021 0:00:00,8/4/2021 0:01:52,FED_GOV,,,,,,,Federal Triangle,Federal Triangle,38.893400000000000,-77.028099999999995,0.125200000000000,8307,66352.458599999998114
45373,1,45373,184404,NMNH,ELEC,10th & Constitution Ave NW,Washington,DC,20560,,,US,,E,,Private,GOVERNMENT,,,FG,SI,,,,,,,,,,,,,,,,,,,2,,,J1772,Non-Networked,,,,,,,,,GPS,38.892105999999998,-77.025903999999997,1/15/2021 0:00:00,2/22/2021 0:00:00,8/4/2021 0:01:52,FED_GOV,,,,,,,Federal Triangle,Federal Triangle,38.893400000000000,-77.028099999999995,0.125200000000000,8307,66352.458599999998114
45442,1,45442,184473,FBI Headquarters Parking Garage Level 1B,ELEC,935 Pennsylvania Ave NW,Washington,DC,20535,,,US,,E,,Private,GOVERNMENT,,,FG,DOJ,,,,,,,,,,,,,,,,,,,3,,,J1772,Non-Networked,,,,,,,,,GPS,38.895561999999998,-77.024961000000005,1/15/2021 0:00:00,2/22/2021 0:00:00,8/4/2021 0:01:52,FED_GOV,,,,,,,Metro Center / 15th Street,Metro Center / 15th Street,38.897799999999997,-77.028099999999995,0.198000000000000,36833,185980.587599999998929
45723,1,45723,184758,FBI Headquarters Parking Garage Level 3B,ELEC,935 Pennsylvania Ave NW,Washington,DC,20535,,,US,,E,,Private,GOVERNMENT,Drivers must bring their own J1772 cordset for Level 1 charging,,FG,DOJ,,,,,,,,,,,,,,,,,,3,,,,NEMA 5-15,Non-Networked,,,,,,,,,GPS,38.895561999999998,-77.024961000000005,1/15/2021 0:00:00,2/22/2021 0:00:00,2/10/2022 21:00:18,FED_GOV,,,,,,,Metro Center / 15th Street,Metro Center / 15th Street,38.897799999999997,-77.028099999999995,0.198000000000000,36833,185980.587599999998929
46581,1,46581,186357,Heyday Properties,ELEC,1501 M St NW,Washington,DC,20005,,,US,202-719-9000,E,,Public,,Garage hours,,P,,,,,,,,,,,,,,,,,,,,4,,,J1772,Non-Networked,,,Free,,,,,,GPS,38.906075999999999,-77.034846000000002,3/15/2021 0:00:00,10/11/2022 0:00:00,2/14/2023 15:54:11,PAY_GARAGE,,,,,,False,McPherson Square / Franklin Park,McPherson Square / Franklin Park,38.902600000000000,-77.031999999999996,0.232700000000000,31485,135322.455699999991339
46777,1,46777,186631,MLK LIBRARY STATION1,ELEC,901 G St. NW,Washington,DC,20001,,,US,888-758-4389,E,,Public,,24 hours daily,,,,,,,,,,,,,,,,,,,,,,2,,,J1772,ChargePoint Network,USCPIL5638531,http://www.chargepoint.com/,,,,,,,GPS,38.898694999999996,-77.024782000000002,3/27/2021 0:00:00,8/16/2023 0:00:00,8/16/2023 0:28:04,,,,,,,,Metro Center / 15th Street,Metro Center / 15th Street,38.897799999999997,-77.028099999999995,0.198000000000000,36833,185980.587599999998929
47788,1,47788,189093,SP Plus - 1101 Vermont Ave,ELEC,1101 Vermont Ave NW,Washington,DC,20005,,,US,888-998-2546,E,,Public,,,,,,,,,,,,,,,,,,,,,,,,1,,,J1772,Blink Network,465ba1dd-d734-8158-93cc-330000499413,http://www.blinkcharging.com/,Free,,,,,,GPS,38.903956000000001,-77.032353999999998,5/1/2021 0:00:00,6/21/2023 0:00:00,6/21/2023 0:01:02,,,,,,,,McPherson Square / Franklin Park,McPherson Square / Franklin Park,38.902600000000000,-77.031999999999996,0.232700000000000,31485,135322.455699999991339
48188,1,48188,189704,1701 Rhode Island Inc.,ELEC,1701 Rhode Island Avenue Northwest,Washington,DC,20036,,,US,800-663-5633,T,9/9/2022 0:00:00,Public,,,,,,,,,,,,,,,,,,,,,,,,2,,,J1772,SemaCharge Network,5280,https://semaconnect.com/,FREE,,,,,,GPS,38.906711000000001,-77.038757000000004,1/14/2019 0:00:00,6/20/2023 0:00:00,6/20/2023 0:09:54,,,,,,,,Dupont Circle,Dupont Circle,38.908700000000003,-77.044600000000003,0.192300000000000,28687,149193.469699999986915
48189,1,48189,189718,"BROOKCHARGE LB1B31,33,35,37",ELEC,655 New York Ave.,Washington,DC,20001,,,US,888-758-4389,T,9/9/2022 0:00:00,Public,,24 hours daily,,,,,,,,,,,,,,,,,,,,,,2,,,J1772,ChargePoint Network,USCPIL478891,http://www.chargepoint.com/,,,,,,,GPS,38.903818999999999,-77.021057999999996,5/15/2021 0:00:00,8/16/2023 0:00:00,8/16/2023 0:09:59,,,,,,,,Gallery Place / Chinatown,Gallery Place / Chinatown,38.899200000000000,-77.021799999999999,0.205600000000000,40394,196512.243900000001304
48304,1,48304,189944,BRE STATION 2,ELEC,1425 K St NW,Washington,DC,20005,,,US,888-758-4389,E,,Public,,24 hours daily,,,,,,,,,,,,,,,,,,,,,,2,,,J1772,ChargePoint Network,USCPIL7436261,http://www.chargepoint.com/,,,,,,,GPS,38.902965000000002,-77.032967999999997,5/21/2021 0:00:00,8/16/2023 0:00:00,8/16/2023 0:29:19,,,,,,,,McPherson Square / Franklin Park,McPherson Square / Franklin Park,38.902600000000000,-77.031999999999996,0.232700000000000,31485,135322.455699999991339
48305,1,48305,189945,BRE STATION 1,ELEC,1425 K St NW,Washington,DC,20005,,,US,888-758-4389,E,,Public,,24 hours daily,,,,,,,,,,,,,,,,,,,,,,2,,,J1772,ChargePoint Network,USCPIL7436291,http://www.chargepoint.com/,,,,,,,GPS,38.902948000000002,-77.032882000000001,5/21/2021 0:00:00,8/16/2023 0:00:00,8/16/2023 0:29:19,,,,,,,,McPherson Square / Franklin Park,McPherson Square / Franklin Park,38.902600000000000,-77.031999999999996,0.232700000000000,31485,135322.455699999991339
48765,1,48765,190858,The Savoy Apartments,ELEC,2101 L Street,Washington,DC,20037,,B3 parking near elevator||,US,888-998-2546,E,,Public,,,,,,,,,,,,,,,,,,,,,,,,1,,,J1772,Blink Network,465ba1dd-d734-8158-93cc-330000580594,http://www.blinkcharging.com/,Free,,,,,,GPS,38.903939999999999,-77.047719999999998,6/9/2021 0:00:00,6/20/2023 0:00:00,6/20/2023 0:10:31,,,,,,,,Farragut Square / 19th Street,Farragut Square / 19th Street,38.902900000000002,-77.041799999999995,0.268500000000000,33429,124508.526199999992969
49687,1,49687,193096,Washington Square - Central Parking,ELEC,1050 Connecticut Ave NW,Washington,DC,20036,,.||,US,888-998-2546,E,,Public,,,,,,,,,,,,,,,,,,,,,,,,1,,,J1772,Blink Network,465ba1dd-d734-8158-93cc-330000597992,http://www.blinkcharging.com/,Free,,,,,,GPS,38.903331999999999,-77.040450000000007,7/22/2021 0:00:00,6/21/2023 0:00:00,6/21/2023 0:00:46,,,,,,,,Farragut Square / 19th Street,Farragut Square / 19th Street,38.902900000000002,-77.041799999999995,0.268500000000000,33429,124508.526199999992969
50768,1,50768,194873,2000 M St,ELEC,2000 M Street,Washington,DC,20036,,null,US,800-663-5633,E,,Public,,,,,,,,,,,,,,,,,,,,,,,,2,,,J1772,SemaCharge Network,98,https://semaconnect.com/,$1.50/Hr Parking Fee,,,,,,GPS,38.905461000000003,-77.045209000000000,12/1/2011 0:00:00,6/21/2023 0:00:00,6/21/2023 0:04:27,,,,,,,,Farragut Square / 19th Street,Farragut Square / 19th Street,38.902900000000002,-77.041799999999995,0.268500000000000,33429,124508.526199999992969
50859,1,50859,195022,"1015 15th Street, Inc.",ELEC,1015 15th Street NW,Washington,DC,20005,,,US,800-663-5633,E,,Public,,,,,,,,,,,,,,,,,,,,,,,,2,,,J1772,SemaCharge Network,3486,https://semaconnect.com/,FREE,,,,,,GPS,38.903315999999997,-77.033957000000001,11/11/2015 0:00:00,6/20/2023 0:00:00,6/20/2023 0:09:27,,,,,,,,McPherson Square / Franklin Park,McPherson Square / Franklin Park,38.902600000000000,-77.031999999999996,0.232700000000000,31485,135322.455699999991339
50860,1,50860,195024,1400 K St NW,ELEC,1400 K Street Northwest,Washington,DC,20005,,,US,800-663-5633,E,,Public,,,,,,,,,,,,,,,,,,,,,,,,4,,,J1772,SemaCharge Network,3566,https://semaconnect.com/,$0.00-$10.00/Hr Variable Parking Fee,,,,,,GPS,38.902161000000000,-77.032293999999993,9/17/2014 0:00:00,6/21/2023 0:00:00,6/21/2023 0:03:40,,,,,,,,McPherson Square / Franklin Park,McPherson Square / Franklin Park,38.902600000000000,-77.031999999999996,0.232700000000000,31485,135322.455699999991339
50861,1,50861,195026,1400 Eye Street,ELEC,1400 I Street NW,Washington,DC,20005,,Closed Saturdays & Sundays,US,800-663-5633,T,2/27/2023 0:00:00,Public,,24 hours daily,,,,,,,,,,,,,,,,,,,,,,1,,,J1772,SemaCharge Network,361,https://semaconnect.com/,$1.50/Hr Parking Fee,,,,,,GPS,38.901006000000002,-77.032358000000002,1/2/2012 0:00:00,6/20/2023 0:00:00,6/20/2023 0:10:20,,,,,,,,McPherson Square / Franklin Park,McPherson Square / Franklin Park,38.902600000000000,-77.031999999999996,0.232700000000000,31485,135322.455699999991339
50967,1,50967,195202,600 Mass Ave,ELEC,600 Massachusetts Avenue Northwest,Washington,DC,20001,,,US,800-663-5633,E,,Public,,,,,,,,,,,,,,,,,,,,,,,,9,,,J1772,SemaCharge Network,3377,https://semaconnect.com/,FREE,,,,,,GPS,38.901229999999998,-77.020740000000004,9/27/2016 0:00:00,6/21/2023 0:00:00,6/21/2023 0:04:13,,,,,,,,Gallery Place / Chinatown,Gallery Place / Chinatown,38.899200000000000,-77.021799999999999,0.205600000000000,40394,196512.243900000001304
51069,1,51069,195399,Akridge,ELEC,"601 Thirteenth Street NW, Suite 300",Washington,DC,20005,,,US,800-663-5633,E,,Public,,,,,,,,,,,,,,,,,,,,,,,,2,,,J1772,SemaCharge Network,456,https://semaconnect.com/,FREE,,,,,,GPS,38.897812999999999,-77.029352000000003,3/29/2013 0:00:00,6/20/2023 0:00:00,6/20/2023 0:09:38,,,,,,,,Metro Center / 15th Street,Metro Center / 15th Street,38.897799999999997,-77.028099999999995,0.198000000000000,36833,185980.587599999998929
51985,1,51985,196747,FPB South Garage C Level Third Parking Space,ELEC,200 Constitution Ave NW,Washington,DC,20001,,,US,,E,,Private,GOVERNMENT,24 hours daily,,FG,DOL,,,,,,,,,,,,,,,,,,,2,,,J1772,Non-Networked,,,,,,,,,GPS,38.893599999999999,-77.014799999999994,9/21/2021 0:00:00,10/12/2021 0:00:00,2/10/2022 19:42:29,FED_GOV,,,,,,,Downtown East / Judiciary Square,Downtown East / Judiciary Square,38.896200000000000,-77.014200000000002,0.312000000000000,17253,55306.848599999997532
51988,1,51988,196750,Potomac,ELEC,,Washington,DC,20032,,,US,,E,,Private,GOVERNMENT,24 hours daily; Drivers must bring their own J1772 cordset for Level 1 charging,,FG,DOL,,,,,,,,,,,,,,,,,,3,,,,NEMA 14-50,Non-Networked,,,,,,,,,GPS,38.907192000000002,-77.036871000000005,9/21/2021 0:00:00,10/12/2021 0:00:00,2/10/2022 21:00:18,FED_GOV,,,,,,,Dupont Circle,Dupont Circle,38.908700000000003,-77.044600000000003,0.192300000000000,28687,149193.469699999986915
52615,1,52615,198036,AZ/JH REIT (DC) LP c/o Transwestern,ELEC,"1100 New York Avenue, NW
Suite Ground Floor",Washington,DC,20005,,The EV stations are located on the P1 level of the garage as you drive in through the entrance.,US,800-663-5633,E,,Public,,,,,,,,,,,,,,,,,,,,,,,,3,,,J1772,SemaCharge Network,5606,https://semaconnect.com/,FREE,,,,,,GPS,38.900241999999999,-77.027485999999996,8/26/2021 0:00:00,6/21/2023 0:00:00,6/21/2023 0:04:21,,,,,,,,Metro Center / 15th Street,Metro Center / 15th Street,38.897799999999997,-77.028099999999995,0.198000000000000,36833,185980.587599999998929
53502,1,53502,200966,Hall of the States Office Building,ELEC,400/444 North Capitol Street NW,Washington,DC,20001,,"These two electric car charging stations are located on the 1C level of the garage.  They are close to the garage entrance ramp - after you come down the ramp turn - left, left, right.  They are well marked on the right.",US,800-663-5633,E,,Public,,,,,,,,,,,,,,,,,,,,,,,,2,,,J1772,SemaCharge Network,5658,https://semaconnect.com/,$1.00/Hr Parking Fee,,,,,,GPS,38.895769999999999,-77.009494000000004,11/11/2021 0:00:00,6/21/2023 0:00:00,6/21/2023 0:01:29,,,,,,,,Downtown East / Judiciary Square,Downtown East / Judiciary Square,38.896200000000000,-77.014200000000002,0.312000000000000,17253,55306.848599999997532
54698,1,54698,202707,1801 Pennsylvania Avenue Northwest,ELEC,1801 Pennsylvania Avenue Northwest,Washington,DC,20006,,,US,800-663-5633,E,,Public,,,,,,,,,,,,,,,,,,,,,,,,1,,,J1772,SemaCharge Network,5732,https://semaconnect.com/,FREE,,,,,,GPS,38.900421000000001,-77.041882999999999,5/8/2019 0:00:00,6/21/2023 0:00:00,6/21/2023 0:02:58,,,,,,,,Farragut Square / 19th Street,Farragut Square / 19th Street,38.902900000000002,-77.041799999999995,0.268500000000000,33429,124508.526199999992969
56075,1,56075,205196,1275 K ST NW PARKING 69-70,ELEC,1275 K St NW,Washington,DC,20005,,,US,888-758-4389,E,,Public,,24 hours daily,,,,,,,,,,,,,,,,,,,,,,2,,,J1772,ChargePoint Network,USCPIL12416871,http://www.chargepoint.com/,,,,,,,GPS,38.902845999999997,-77.029228000000003,1/22/2022 0:00:00,8/16/2023 0:00:00,8/16/2023 0:33:57,,,,,,,,McPherson Square / Franklin Park,McPherson Square / Franklin Park,38.902600000000000,-77.031999999999996,0.232700000000000,31485,135322.455699999991339
56340,1,56340,205647,Capitol Crossing,ELEC,200 Massachusetts Ave NW,Washington,DC,20001,,The units here are under repairs. ||Tenants Only||,US,888-998-2546,E,,Public,,,,,,,,,,,,,,,,,,,,,,,,4,,,J1772,Blink Network,465ba1dd-d734-8158-93cc-330000503745,http://www.blinkcharging.com/,Free,,,,,,GPS,38.898971000000003,-77.014127000000002,1/31/2022 0:00:00,6/21/2023 0:00:00,6/21/2023 0:02:25,,,,,,,,Downtown East / Judiciary Square,Downtown East / Judiciary Square,38.896200000000000,-77.014200000000002,0.312000000000000,17253,55306.848599999997532
56426,1,56426,205827,Metropolitan Square Garage,ELEC,655 15th Street NW,Washington,DC,20005,,,US,800-663-5633,E,,Public,,24 hours daily,,,,,,,,,,,,,,,,,,,,,,8,,,J1772,SemaCharge Network,525,https://semaconnect.com/,$1.00-$5.00/Hr Variable Parking Fee,,,,,,GPS,38.898010999999997,-77.033619999999999,11/3/2021 0:00:00,6/21/2023 0:00:00,6/21/2023 0:04:15,,,,,,,,Metro Center / 15th Street,Metro Center / 15th Street,38.897799999999997,-77.028099999999995,0.198000000000000,36833,185980.587599999998929
60626,1,60626,218243,1771 N Street,ELEC,1771 N Street NW,Washington,DC,20036,,,US,800-663-5633,E,,Public,,,,,,,,,,,,,,,,,,,,,,,,2,,,J1772,SemaCharge Network,6132,https://semaconnect.com/,FREE,,,,,,GPS,38.907553000000000,-77.041307000000003,3/11/2021 0:00:00,6/20/2023 0:00:00,6/20/2023 0:10:36,,,,,,,,Dupont Circle,Dupont Circle,38.908700000000003,-77.044600000000003,0.192300000000000,28687,149193.469699999986915
61779,1,61779,221244,2112 PENN STATION 1,ELEC,2112 Pennsylvania Ave NW,Washington,DC,20037,,,US,888-758-4389,E,,Public,,Mon 8:00pm - 12:00am; Tue 8:00pm - 12:00am; Wed 8:00pm - 12:00am; Thu 8:00pm - 12:00am; Fri 8:00pm - 12:00am; Sat 12:00am - 12:00am; Sun 12:00am - 12:00am,,,,,,,,,,,,,,,,,,,,,,2,,,J1772,ChargePoint Network,USCPIL385521,http://www.chargepoint.com/,,,,,,,GPS,38.901558999999999,-77.047743999999994,6/14/2022 0:00:00,8/16/2023 0:00:00,8/16/2023 0:09:08,,,,,,,,Foggy Bottom,Foggy Bottom,38.897300000000001,-77.044600000000003,0.257500000000000,40736,158171.452599999989616
61908,1,61908,221424,PI Lower Ramp,ELEC,"1401 I Street, #515",Washington,DC,20005,,"6AM-6PM $2.00 an hr
6PM-6AM $1.00 an hr",US,800-663-5633,E,,Public,,,,,,,,,,,,,,,,,,,,,,,,2,,,J1772,SemaCharge Network,1327,https://semaconnect.com/,$1.00-$2.00/Hr Variable Parking Fee,,,,,,GPS,38.901690000000002,-77.032247999999996,10/24/2011 0:00:00,6/21/2023 0:00:00,6/21/2023 0:01:50,,,,,,,,McPherson Square / Franklin Park,McPherson Square / Franklin Park,38.902600000000000,-77.031999999999996,0.232700000000000,31485,135322.455699999991339
63871,1,63871,225296,531710 : 650 Massachusetts Ave NW,ELEC,650 Massachusetts Ave NW,Washington,DC,20001,,The garage entrance is located on 7th street NW. Additional garage fees will apply.,US,800-663-5633,E,,Public,,24 hours daily,,,,,,,,,,,,,,,,,,,,,,6,,,J1772,SemaCharge Network,2627,https://semaconnect.com/,$0.00-$10.00/Hr Variable Parking Fee,,,,,,GPS,38.899413000000003,-77.024306999999993,9/11/2018 0:00:00,6/21/2023 0:00:00,6/21/2023 0:04:32,,,,,,,,Metro Center / 15th Street,Metro Center / 15th Street,38.897799999999997,-77.028099999999995,0.198000000000000,36833,185980.587599999998929
63872,1,63872,225297,600 Thirteenth,ELEC,600 13th Street N.W.,Washington,DC,20005,,,US,800-663-5633,E,,Public,,,,,,,,,,,,,,,,,,,,,,,,4,,,J1772,SemaCharge Network,4888,https://semaconnect.com/,$0.25/kWh Energy Fee,,,,,,GPS,38.897649999999999,-77.029922999999997,8/27/2020 0:00:00,6/21/2023 0:00:00,6/21/2023 0:01:37,,,,,,,,Metro Center / 15th Street,Metro Center / 15th Street,38.897799999999997,-77.028099999999995,0.198000000000000,36833,185980.587599999998929
65020,1,65020,227473,1220 19th St,ELEC,1220 19th Street Northwest,Washington,DC,20036,,,US,800-663-5633,E,,Public,,,,,,,,,,,,,,,,,,,,,,,,2,,,J1772,SemaCharge Network,2145,https://semaconnect.com/,$1.50/Hr Parking Fee,,,,,,GPS,38.906607000000001,-77.043942999999999,6/6/2017 0:00:00,6/21/2023 0:00:00,6/21/2023 0:02:42,,,,,,,,Dupont Circle,Dupont Circle,38.908700000000003,-77.044600000000003,0.192300000000000,28687,149193.469699999986915
65622,1,65622,228304,CityCenterDC,ELEC,870 9th St NW,Washington,DC,20001,,,US,877-455-3833,E,,Public,,24 hours daily,,,,,,,,,,,,,,,,,,,,,,,7,,"CHAdeMO, CCS",eVgo Network,397,https://www.evgo.com/,,,,,,,GPS,38.901699999999998,-77.024100000000004,6/1/2014 0:00:00,8/15/2023 0:00:00,8/15/2023 23:56:03,,,,,,,,Metro Center / 15th Street,Metro Center / 15th Street,38.897799999999997,-77.028099999999995,0.198000000000000,36833,185980.587599999998929
66401,1,66401,229573,1152 15th St NW,ELEC,1152 15th St NW,Washington,DC,20005,,,US,833-692-6787,E,,Public,CREDIT_CARD_ALWAYS,Contact station for hours of availability.,"American Express, Android Pay, Apple Pay, Credit, Discover, MasterCard",P,,,,,,,,,,,,,,,,,,,,2,,,J1772,AMPUP,,https://ampup.io/,,,,,,,200-9,38.904943000000003,-77.035223000000002,9/15/2022 0:00:00,10/11/2022 0:00:00,2/14/2023 15:54:11,PARKING_GARAGE,,,,,,False,McPherson Square / Franklin Park,McPherson Square / Franklin Park,38.902600000000000,-77.031999999999996,0.232700000000000,31485,135322.455699999991339
66403,1,66403,229575,2001 Penn Ave NW,ELEC,2001 Pennsylvania Ave NW,Washington,DC,20006,,,US,833-692-6787,E,,Public,CREDIT_CARD_ALWAYS,Contact station for hours of availability.,"American Express, Android Pay, Apple Pay, Credit, Discover, MasterCard",P,,,,,,,,,,,,,,,,,,,,2,,,J1772,AMPUP,,https://ampup.io/,,,,,,,200-9,38.901519999999998,-77.045258000000004,9/15/2022 0:00:00,10/11/2022 0:00:00,2/14/2023 15:54:11,PARKING_GARAGE,,,,,,False,Farragut Square / 19th Street,Farragut Square / 19th Street,38.902900000000002,-77.041799999999995,0.268500000000000,33429,124508.526199999992969
66405,1,66405,229577,1615 L St,ELEC,1615 L St NW,Washington,DC,20036,,,US,833-692-6787,E,,Public,CREDIT_CARD_ALWAYS,Contact station for hours of availability.,"American Express, Android Pay, Apple Pay, Credit, Discover, MasterCard",P,,,,,,,,,,,,,,,,,,,,4,,,J1772,AMPUP,,https://ampup.io/,,,,,,,200-9,38.903982999999997,-77.037465999999995,9/15/2022 0:00:00,10/11/2022 0:00:00,2/14/2023 15:54:11,PARKING_GARAGE,,,,,,False,Farragut Square / 19th Street,Farragut Square / 19th Street,38.902900000000002,-77.041799999999995,0.268500000000000,33429,124508.526199999992969
66407,1,66407,229579,Hines - Columbia Square,ELEC,555 13th St NW,Washington,DC,20004,,,US,833-692-6787,E,,Public,CREDIT_CARD_ALWAYS,Contact station for hours of availability.,"American Express, Android Pay, Apple Pay, Credit, Discover, MasterCard",P,,,,,,,,,,,,,,,,,,,,8,,,J1772,AMPUP,,https://ampup.io/,,,,,,,200-9,38.896954000000001,-77.028773999999999,9/15/2022 0:00:00,10/11/2022 0:00:00,2/14/2023 15:54:11,PARKING_GARAGE,,,,,,False,Metro Center / 15th Street,Metro Center / 15th Street,38.897799999999997,-77.028099999999995,0.198000000000000,36833,185980.587599999998929
66408,1,66408,229580,901 K St NW,ELEC,901 K St NW,Washington,DC,20001,,,US,833-692-6787,E,,Public,CREDIT_CARD_ALWAYS,Contact station for hours of availability.,"American Express, Android Pay, Apple Pay, Credit, Discover, MasterCard",P,,,,,,,,,,,,,,,,,,,,8,,,J1772,AMPUP,,https://ampup.io/,,,,,,,200-9,38.902892999999999,-77.025206999999995,9/15/2022 0:00:00,10/11/2022 0:00:00,2/14/2023 15:54:11,PARKING_GARAGE,,,,,,False,McPherson Square / Franklin Park,McPherson Square / Franklin Park,38.902600000000000,-77.031999999999996,0.232700000000000,31485,135322.455699999991339
66513,1,66513,230193,RockRose Dev Corp,ELEC,2001 K St NW,Washington,DC,20006,,,US,833-692-6787,E,,Public,CREDIT_CARD_ALWAYS,Contact station for hours of availability.,"American Express, Android Pay, Apple Pay, Credit, Discover, MasterCard",P,,,,,,,,,,,,,,,,,,,,6,,,J1772,AMPUP,,https://ampup.io/,,,,,,,200-9,38.902942000000003,-77.045393000000004,9/15/2022 0:00:00,10/11/2022 0:00:00,2/14/2023 15:54:11,PARKING_GARAGE,,,,,,False,Farragut Square / 19th Street,Farragut Square / 19th Street,38.902900000000002,-77.041799999999995,0.268500000000000,33429,124508.526199999992969
66576,1,66576,230441,WMATA HQ,ELEC,300 7th St NW,Washington,DC,20004,,,US,833-692-6787,E,,Public,CREDIT_CARD_ALWAYS,Contact station for hours of availability.,"American Express, Android Pay, Apple Pay, Credit, Discover, MasterCard",P,,,,,,,,,,,,,,,,,,,,4,,,J1772,AMPUP,,https://ampup.io/,,,,,,,200-9,38.893962999999999,-77.022490000000005,9/15/2022 0:00:00,10/11/2022 0:00:00,2/14/2023 15:54:11,MUNI_GOV,,,,,,False,Gallery Place / Chinatown,Gallery Place / Chinatown,38.899200000000000,-77.021799999999999,0.205600000000000,40394,196512.243900000001304
66631,1,66631,230659,1875 K St NW,ELEC,1875 K St NW,Washington,DC,20006,,,US,,E,,Private,,Contact station for hours of availability.,,P,,,,,,,,,,,,,,,,,,,,2,,,J1772,AMPUP,,https://ampup.io/,,,,,,,200-9,38.902912999999998,-77.043079000000006,9/15/2022 0:00:00,8/10/2023 0:00:00,8/10/2023 16:58:49,PARKING_GARAGE,,,,,,,Farragut Square / 19th Street,Farragut Square / 19th Street,38.902900000000002,-77.041799999999995,0.268500000000000,33429,124508.526199999992969
68240,1,68240,233109,NYA90,ELEC,901 New York Ave. NW,Washington,DC,20001,,,US,800-663-5633,E,,Public,,,,,,,,,,,,,,,,,,,,,,,,2,,,J1772,SemaCharge Network,6467,https://semaconnect.com/,"$1.00-$5.00/Hr Variable Parking Fee, $0.03/kWh Energy Fee",,,,,,GPS,38.901989999999998,-77.025222999999997,8/16/2022 0:00:00,6/20/2023 0:00:00,6/20/2023 0:11:13,,,,,,,,McPherson Square / Franklin Park,McPherson Square / Franklin Park,38.902600000000000,-77.031999999999996,0.232700000000000,31485,135322.455699999991339
69880,1,69880,236454,Hilton Garden Inn,ELEC,2201 M St NW,Washington,DC,20037,,,US,202-974-6010,E,,Public,CREDIT_CARD_ALWAYS,24 hours daily; guest use only,,P,,,,,,,,,,,,,,,,,,,,2,,,J1772,Non-Networked,,,Free,,,,,,GPS,38.905627900370263,-77.048965016891771,11/22/2022 0:00:00,12/13/2022 0:00:00,2/14/2023 15:54:11,HOTEL,,,,,,True,West End,West End,38.905099999999997,-77.050700000000006,0.080900000000000,13266,163906.759799999999814
70047,1,70047,236713,1875 Pennsylvania Ave NW,ELEC,1875 Pennsylvania Avenue Northwest,Washington,DC,20006,,,US,800-663-5633,T,4/11/2023 0:00:00,Public,,,,,,,,,,,,,,,,,,,,,,,,2,,,J1772,SemaCharge Network,5470,https://semaconnect.com/,FREE,,,,,,GPS,38.900505000000003,-77.042502999999996,11/9/2020 0:00:00,6/20/2023 0:00:00,6/20/2023 0:09:39,,,,,,,,Farragut Square / 19th Street,Farragut Square / 19th Street,38.902900000000002,-77.041799999999995,0.268500000000000,33429,124508.526199999992969
70726,1,70726,237885,Carroll Square,ELEC,"975 F Street, NW",District of Columbia,DC,20004,,,US,800-663-5633,T,4/25/2023 0:00:00,Public,,,,,,,,,,,,,,,,,,,,,,,,1,,,J1772,SemaCharge Network,6779,https://semaconnect.com/,,,,,,,GPS,38.897655000000000,-77.025615999999999,11/17/2022 0:00:00,6/20/2023 0:00:00,6/20/2023 0:10:57,,,,,,,,Metro Center / 15th Street,Metro Center / 15th Street,38.897799999999997,-77.028099999999995,0.198000000000000,36833,185980.587599999998929
72261,1,72261,241228,1201-1225 New York Avenue SPE,ELEC,"1201 New York Avenue, NW",Washington,DC,20005,,,US,888-998-2546,E,,Public,,,,,,,,,,,,,,,,,,,,,,,,2,,,J1772,Blink Network,fe77e0e5-7169-4266-9165-de51a769472d,http://www.blinkcharging.com/,Free,,,,,,GPS,38.901251999999999,-77.028574000000006,1/6/2023 0:00:00,6/20/2023 0:00:00,6/20/2023 0:11:51,,,,,,,,McPherson Square / Franklin Park,McPherson Square / Franklin Park,38.902600000000000,-77.031999999999996,0.232700000000000,31485,135322.455699999991339
73318,1,73318,250833,The Hay-Adams - Tesla Destination,ELEC,800 16th St NW,Washington,DC,20006,,,US,"202-638-6600, 877-798-3752",E,,Public,,,,P,,,,,,,,,,,,,,,,,,,,1,,,Tesla,Tesla Destination,513349,https://www.tesla.com/destination-charging,Free,,,,,,GPS,38.900510699999998,-77.036949199999995,6/2/2015 0:00:00,10/6/2022 0:00:00,1/18/2023 15:15:20,,,,,,,,Farragut Square / 19th Street,Farragut Square / 19th Street,38.902900000000002,-77.041799999999995,0.268500000000000,33429,124508.526199999992969
74372,1,74372,252719,Zone 2 Ramp A,ELEC,"1849 C St, NW Mail Stop 1530",Washington,DC,20240,,,US,844-623-1001,E,,Public,CREDIT_CARD_ALWAYS,24 hours daily,"American Express, Credit, Discover, MasterCard, Visa",P,,,,,,,,,,,,,,,,,,,,2,,,J1772,LIVINGSTON,,https://www.solution.energy,,,,,,,GPS,38.894483379999997,-77.042412330000005,12/16/2022 0:00:00,2/13/2023 0:00:00,2/14/2023 15:54:11,OTHER,,,,,,False,Foggy Bottom,Foggy Bottom,38.897300000000001,-77.044600000000003,0.257500000000000,40736,158171.452599999989616
74373,1,74373,252720,Zone 2 Ramp B,ELEC,"1849 C St, NW Mail Stop 1530",Washington,DC,20240,,,US,844-623-1001,E,,Public,CREDIT_CARD_ALWAYS,24 hours daily,"American Express, Credit, Discover, MasterCard, Visa",P,,,,,,,,,,,,,,,,,,,,2,,,J1772,LIVINGSTON,,https://www.solution.energy,,,,,,,GPS,38.894483379999997,-77.042412330000005,12/16/2022 0:00:00,2/13/2023 0:00:00,2/14/2023 15:54:11,OTHER,,,,,,False,Foggy Bottom,Foggy Bottom,38.897300000000001,-77.044600000000003,0.257500000000000,40736,158171.452599999989616
74374,1,74374,252721,Zone 7 Ramp G,ELEC,"1849 C St, NW Mail Stop 1530",Washington,DC,20240,,,US,844-623-1001,E,,Public,CREDIT_CARD_ALWAYS,24 hours daily,"American Express, Credit, Discover, MasterCard, Visa",P,,,,,,,,,,,,,,,,,,,,2,,,J1772,LIVINGSTON,,https://www.solution.energy,,,,,,,GPS,38.894483379999997,-77.042412330000005,12/16/2022 0:00:00,2/13/2023 0:00:00,2/14/2023 15:54:11,OTHER,,,,,,False,Foggy Bottom,Foggy Bottom,38.897300000000001,-77.044600000000003,0.257500000000000,40736,158171.452599999989616
75620,1,75620,254506,THE ALECK STATION 1,ELEC,1400 L St NW,Washington,DC,20005,,,US,888-758-4389,E,,Public,,24 hours daily,,,,,,,,,,,,,,,,,,,,,,2,,,J1772,ChargePoint Network,USCPIL13335331,http://www.chargepoint.com/,,,,,,,GPS,38.903556999999999,-77.032251000000002,2/24/2023 0:00:00,8/16/2023 0:00:00,8/16/2023 0:40:38,,,,,,,,McPherson Square / Franklin Park,McPherson Square / Franklin Park,38.902600000000000,-77.031999999999996,0.232700000000000,31485,135322.455699999991339
75850,1,75850,255163,1615 M Street,ELEC,"1725 DeSales Street, NW, Suite 200",Washington,DC,20036,,,US,800-663-5633,E,,Public,,,,,,,,,,,,,,,,,,,,,,,,2,,,J1772,SemaCharge Network,563,https://semaconnect.com/,,,,,,,GPS,38.904969000000001,-77.039741000000006,3/28/2012 0:00:00,6/21/2023 0:00:00,6/21/2023 0:04:35,,,,,,,,Farragut Square / 19th Street,Farragut Square / 19th Street,38.902900000000002,-77.041799999999995,0.268500000000000,33429,124508.526199999992969
75924,1,75924,255255,GSA FLEET GW-RFID-DUAL-2,ELEC,1800 F St NW,Washington,DC,20004,,,US,888-758-4389,E,,Public,,24 hours daily,,,,,,,,,,,,,,,,,,,,,,2,,,J1772,ChargePoint Network,USCPIL13476601,http://www.chargepoint.com/,,,,,,,GPS,38.897125000000003,-77.042506000000003,2/27/2023 0:00:00,8/16/2023 0:00:00,8/16/2023 0:41:34,,,,,,,,Foggy Bottom,Foggy Bottom,38.897300000000001,-77.044600000000003,0.257500000000000,40736,158171.452599999989616
75925,1,75925,255256,GSA FLEET GW-RFID-DUAL-1,ELEC,1800 F St NW,Washington,DC,20004,,,US,888-758-4389,E,,Public,,24 hours daily,,,,,,,,,,,,,,,,,,,,,,2,,,J1772,ChargePoint Network,USCPIL13476671,http://www.chargepoint.com/,,,,,,,GPS,38.897117000000001,-77.042548999999994,2/27/2023 0:00:00,8/16/2023 0:00:00,8/16/2023 0:41:34,,,,,,,,Foggy Bottom,Foggy Bottom,38.897300000000001,-77.044600000000003,0.257500000000000,40736,158171.452599999989616
76551,1,76551,256387,HCHB HCHB 1,ELEC,189 15th St NW,Washington,DC,20230,,,US,888-758-4389,E,,Public,,Mon 12:00am - 12:00am; Tue 12:00am - 12:00am; Wed 12:00am - 12:00am; Thu 12:00am - 12:00am; Fri 12:00am - 12:00am; Sat 12:00am - 12:00am; Sun 12:00am - 12:00am,,,,,,,,,,,,,,,,,,,,,,2,,,J1772,ChargePoint Network,USCPIL13362031,http://www.chargepoint.com/,,,,,,,GPS,38.894556000000001,-77.032919000000007,3/16/2023 0:00:00,8/16/2023 0:00:00,8/16/2023 0:40:52,,,,,,,,Federal Triangle,Federal Triangle,38.893400000000000,-77.028099999999995,0.125200000000000,8307,66352.458599999998114
80099,1,80099,262098,Hines,ELEC,700 13th St NW,Washington,DC,20005,,,US,202-393-6810,E,,Public,CREDIT_CARD_ALWAYS,Contact station for hours of availability,"American Express, Android Pay, Apple Pay, Credit, Discover, MasterCard",P,,,,,,,,,,,,,,,,,,,,4,,,J1772,AMPUP,,https://ampup.io/,,,,,,,GPS,38.898896100000002,-77.029832600000006,1/18/2023 0:00:00,6/12/2023 0:00:00,6/12/2023 16:56:16,OFFICE_BLDG,,,,,,False,Metro Center / 15th Street,Metro Center / 15th Street,38.897799999999997,-77.028099999999995,0.198000000000000,36833,185980.587599999998929
81582,1,81582,298826,PORTRAIT BLDG EXPRESS250,ELEC,701 8th St NW,Washington,DC,20001,,,US,888-758-4389,E,,Public,,24 hours daily,,,,,,,,,,,,,,,,,,,,,,2,,,J1772,ChargePoint Network,USCPIL13353821,http://www.chargepoint.com/,,,,,,,GPS,38.898909000000003,-77.022677000000002,6/29/2023 0:00:00,8/16/2023 0:00:00,8/16/2023 0:40:49,,,,,,,,Gallery Place / Chinatown,Gallery Place / Chinatown,38.899200000000000,-77.021799999999999,0.205600000000000,40394,196512.243900000001304
82616,1,82616,303145,AOC SUG-1,ELEC,Senate Underground Garage New Jersey Ave NW &,Washington,DC,20001,,,US,888-758-4389,E,,Public,,24 hours daily,,,,,,,,,,,,,,,,,,,,,,2,,,J1772,ChargePoint Network,USCPIL13843861,http://www.chargepoint.com/,,,,,,,GPS,38.893464000000002,-77.009704999999997,7/25/2023 0:00:00,8/16/2023 0:00:00,8/16/2023 0:44:00,,,,,,,,Downtown East / Judiciary Square,Downtown East / Judiciary Square,38.896200000000000,-77.014200000000002,0.312000000000000,17253,55306.848599999997532
82617,1,82617,303146,AOC SUG-2,ELEC,Senate Underground Garage New Jersey Ave NW &,Washington,DC,20510,,,US,888-758-4389,E,,Public,,24 hours daily,,,,,,,,,,,,,,,,,,,,,,2,,,J1772,ChargePoint Network,USCPIL13843901,http://www.chargepoint.com/,,,,,,,GPS,38.893436000000001,-77.009855000000002,7/25/2023 0:00:00,8/16/2023 0:00:00,8/16/2023 0:44:00,,,,,,,,Downtown East / Judiciary Square,Downtown East / Judiciary Square,38.896200000000000,-77.014200000000002,0.312000000000000,17253,55306.848599999997532
